Workbook

Sheet EZRAB_README
A1: EZRAB VOLUME CALCULATOR MASTER | B1: Reference + calculation specification for EZRAB AI Agent
A2: Purpose | B2: Master workbook for the 19 construction volume calculators contained in the supplied RAB workbook.
A3: Important | B3: The original calculation sheets are preserved so the AI agent can inspect their exact formulas, input cells, outputs, and embedded reference images.
A4: Production rule | B4: Do NOT silently convert calculation errors to zero. Validate inputs first; surface calculation errors to the user.
A5: Precision | B5: Keep internal calculation precision at least 6 decimal places. Round only for display/export unless a construction rule explicitly requires ROUNDUP/rounding.
A6: Unit rule | B6: Store a canonical unit for every parameter and convert explicitly before calculation. Never mix cm, mm, m, m², m³ without conversion.
A7: Dependency rule | B7: Volume Calculator → QTO → RAB → AHSP → Price → Rekap/BOQ → Kurva S → Laporan.
A8: AI rule | B8: AI may propose calculator actions, but the deterministic calculation engine must execute and validate formulas. AI must never invent coefficients, prices, units, or AHSP codes.
A9: Input rule | B9: Only marked input cells are user-editable. Formula/result cells are read-only in the web UI.
A10: Audit rule | B10: Every calculated result must retain formula_id, input snapshot, unit, precision, timestamp, and source calculator.

Sheet Bowplank
D3: AHSP S.E. BHINA KONSTRUKSI NO. 30 TAHUN 2025
B5: 1. | C5: PEKERJAAN PEMBERSIHAN & BOWPLANK
B7: 1.1 | C7: Dimensi Utama | F7: 1.2 | G7: Volume | L7: 1.3 | M7: Result
C8: Ukuran lahan | G8: Volume pekerjaan bowplank | M8: Uraian | O8: Volume | P8: Satuan | Q8: Harga Satuan (Rp) | R8: Jumlah Harga (Rp)
B9: P | C9: Panjang lahan | D9: 0 | E9: m | F9: Luas pembersihan lahan | I9: =IFERROR(D9*D10,0) | J9: m² | L9: 1 | M9: Pekerja | O9: =IFERROR(H44+H55,0) | P9: OH | Q9: 100000 | R9: =IFERROR((Q9*O9)*L9,0)
B10: L | C10: Lebar lahan | D10: 0 | E10: m | F10: Keliling bowplank | I10: =IFERROR(2*(D9+D10+2*D11),0) | J10: m¹ | L10: 1 | M10: Tukang | O10: =H45 | P10: OH | Q10: 145000 | R10: =IFERROR((Q10*O10)*L10,0)
B11: C | C11: Jarak bebas plank | D11: 0 | E11: m | F11: Kebutuhan Patok bowplank | I11: =(I10/D13+1)*(D12+0.3)*105% | J11: m¹ | L11: 1 | M11: Kepala Tukang | O11: =H46 | P11: OH | Q11: 175000 | R11: =IFERROR((Q11*O11)*L11,0)
B12: H | C12: Tinggi patok | D12: 0 | E12: m | F12: Kebutuhan papan bowplank | I12: =I10*105% | J12: m¹ | L12: 1 | M12: Mandor | O12: =IFERROR(H47+H56,0) | P12: OH | Q12: 200000 | R12: =IFERROR((Q12*O12)*L12,0)
B13: R | C13: Jarak patok | D13: 0 | E13: m | F13: Kebutuhan penguat bowplank | I13: =(0.5*D12*2)*(I10/D13)/2*105% | J13: m¹ | O13: Jumlah Harga Tenaga Kerja = | R13: =SUM(R9:R12)
M14: BAHAN
M15: =C49 | O15: =H49 | P15: m³ | Q15: 3200000 | R15: =IFERROR(Q15*O15,0)
M16: =C50 | O16: =H50 | P16: m³ | Q16: 3000000 | R16: =IFERROR(Q16*O16,0)
M17: =C51 | O17: =H51 | P17: kg | Q17: 18000 | R17: =IFERROR(Q17*O17,0)
O18: Jumlah Harga Bahan = | R18: =SUM(R15:R17)
C19: Panduan Gambar: | Q19: TOTAL | R19: =IFERROR(R13+R18,0)
R20: Biaya Pekerjaan
C39: AHSP S.E. DIRJEN BHINA KONSTRUKSI NO. 30 TAHUN 2025
C41: Pemsangan 1 m' bouwplank
C42: Uraian | D42: Koefisien | E42: Sat.
C43: TENAGA KERJA
C44: Pekerja | D44: 0.012 | E44: OH | H44: =IFERROR(I10*D44,0)
C45: Tukang kayu | D45: 0.006 | E45: OH | H45: =IFERROR(I10*D45,0)
C46: Kepala tukang | D46: 0.0006 | E46: OH | H46: =IFERROR(I10*D46,0)
C47: Mandor | D47: 0.0012 | E47: OH | H47: =IFERROR(I10*D47,0)
C48: BAHAN
C49: Kaso 5/7 | D49: 0.013 | E49: m3 | H49: =IFERROR(0.0045*(I11+I13),0)
C50: Kayu papan 3/20 cm | D50: 0.007 | E50: m3 | H50: =IFERROR(I12*D50,0)
C51: Paku 2 inch | D51: 0.02 | E51: kg | H51: =IFERROR(I10*D51,0)
C53: 1 m2 Pembersihan dan pengupasan permukaan tanah (striping) s.d. tanaman ∅ 2 cm
C54: TENAGA KERJA
C55: Pekerja | D55: 0.1 | E55: OH | H55: =IFERROR(I9*D55,0)
C56: Mandor | D56: 0.005 | E56: OH | H56: =IFERROR(I9*D56,0)

Sheet Pondasi
D3: AHSP S.E. BHINA KONSTRUKSI NO. 30 TAHUN 2025
B5: 2. | C5: PEKERJAAN PEMASANGAN PONDASI BATU BELAH
B7: 2.1 | C7: Dimensi Utama | F7: 2.2 | G7: Volume | L7: 2.3 | M7: Result
C8: Galian tanah pondasi | G8: Volume pekerjaan pondasi | M8: Uraian | O8: Volume | P8: Satuan | Q8: Harga Satuan (Rp) | R8: Jumlah Harga (Rp)
B9: a.1 | C9: Lebar atas galian | D9: 0 | E9: m | G9: Volume galian | I9: =IF(D9=D10,SUM((D9*D11)*D12),SUM((D9+D10)/2)*D11*D12) | J9: m³ | L9: 1 | M9: Pekerja | O9: =I71 | P9: OH | Q9: 100000 | R9: =IFERROR((Q9*O9)*L9,0)
B10: b.1 | C10: Lebar bawah galian | D10: 0 | E10: m | G10: Volume pondasi | I10: =IF(D14=D15,SUM((D14*D16)*D12),SUM((D14+D15)/2)*D16*D12) | J10: m³ | L10: 1 | M10: Tukang | O10: =I72 | P10: OH | Q10: 145000 | R10: =IFERROR((Q10*O10)*L10,0)
B11: c.1 | C11: Dalam galian | D11: 0 | E11: m | G11: Pas. Aanstamping | I11: =IFERROR(D12*D10*D17,0) | J11: m³ | L11: 1 | M11: Kepala Tukang | O11: =I73 | P11: OH | Q11: 175000 | R11: =IFERROR((Q11*O11)*L11,0)
B12: P | C12: Panjang pondasi | D12: 0 | E12: m | G12: Pasir uruk | I12: =IFERROR(D10*D18*D12,0) | J12: m³ | L12: 1 | M12: Mandor | O12: =I74 | P12: OH | Q12: 200000 | R12: =IFERROR((Q12*O12)*L12,0)
C13: Pasangan pondasi | O13: Jumlah Harga Tenaga Kerja = | R13: =SUM(R9:R12)
B14: a.2 | C14: Lebar atas pondasi | D14: 0 | E14: m | G14: Volume pekerjaan urukan | M14: BAHAN
B15: b.2 | C15: Lebar bawah pondasi | D15: 0 | E15: m | F15: Urukan tanah di bawah lantai | I15: =IFERROR(D22*D23*D20,0) | J15: m³ | M15: Pasir uruk | O15: =I12 | P15: m³ | Q15: 254700 | R15: =IFERROR(Q15*O15,0)
B16: c.2 | C16: Tingg pondasi | D16: 0 | E16: m | F16: Urukan di samping pondasi | I16: =IFERROR(D21*I9,0) | J16: m³ | M16: Tanah uruk biasa | O16: =H116 | P16: m³ | Q16: 146900 | R16: =IFERROR(Q16*O16,0)
B17: d | C17: Tinggi batu kosong | D17: 0 | E17: m | F17: Urukan tanah kembali | I17: =I9 | J17: m³ | M17: Batu belah anstamping | O17: =H76 | P17: m³ | Q17: 286500 | R17: =IFERROR(Q17*O17,0)
B18: e | C18: Tinggi pasir uruk | D18: 0 | E18: m | L18: 1 | M18: BAHAN PASANGAN PONDASI CAMPURAN 1SP : 3PP
C19: Pekerjaan urukan | M19: =C85 | O19: =H85 | P19: m³ | Q19: 286500 | R19: =IFERROR(Q19*O19,0)
B20: f | C20: Tebal urukan di bawah lantai | D20: 0.4 | E20: m | M20: =C86 | O20: =H86 | P20: sak | Q20: 65000 | R20: =IFERROR(Q20*O20,0)
C21: Urukan samping pondasi | D21: 0.25 | E21: % | M21: =C87 | O21: =H87 | P21: m³ | Q21: 275000 | R21: =IFERROR(Q21*O21,0)
C22: Panjang bangunan | D22: 9 | E22: m | L22: 0 | M22: BAHAN PASANGAN PONDASI CAMPURAN 1SP : 4PP
C23: Lebar Bangunan | D23: 6 | E23: m | M23: =C95 | O23: =H95 | P23: m³ | Q23: 286500 | R23: =IFERROR(Q23*O23,0)
M24: =C96 | O24: =H96 | P24: sak | Q24: 65000 | R24: =IFERROR(Q24*O24,0)
M25: =C97 | O25: =H97 | P25: m³ | Q25: 275000 | R25: =IFERROR(Q25*O25,0)
O26: Jumlah Harga Bahan = | R26: =IFERROR(R15+R16+R17+R19+R20+R21+R23+R24+R25,0)
Q27: TOTAL | R27: =IFERROR(R26+R13,0)
R28: Biaya Pekerjaan
C41: Panduan Gambar:
C61: AHSP S.E. DIRJEN BHINA KONSTRUKSI NO. 30 TAHUN 2025
C63: 1 m3 galian tanah biasa sedalam 0 s.d. 1 m untuk volume s.d. 200 m3 secara manual
C64: TENAGA KERJA
C65: Pekerja | D65: 0.75 | E65: OH | H65: =IFERROR(I9*D65,0)
C66: Mandor | D66: 0.038 | E66: OH | H66: =IFERROR(I9*D66,0)
C68: Pemasangan 1 m3 batu kosong (anstamping) untuk pondasi gedung
C69: Uraian | D69: Koefisien | E69: Sat.
C70: TENAGA KERJA
C71: Pekerja | D71: 0.78 | E71: OH | H71: =IFERROR(I11*D71,0) | I71: =IFERROR(H65+H71+H81+H91+H101+H106+H113,0)
C72: Tukang batu | D72: 0.39 | E72: OH | H72: =IFERROR(I11*D72,0) | I72: =IFERROR(H72+H82+H92,0)
C73: Kepala tukang | D73: 0.039 | E73: OH | H73: =IFERROR(I11*D73,0) | I73: =IFERROR(D73,0)
C74: Mandor | D74: 0.013 | E74: OH | H74: =IFERROR(I11*D74,0) | I74: =IFERROR(H66+H74+H83+H93+H102+H107+H114,0)
C75: BAHAN
C76: Batu belah | D76: 1.2 | E76: m3 | H76: =IFERROR(I11*D76,0)
C77: Pasir uruk | D77: 0.432 | E77: m3 | H77: =IFERROR(I11*D77,0)
C79: Pemasangan 1 m3 pondasi batu belah mortar tipe S 12,5 Mpa (setara 1SP : 3PP), cara manual
C80: TENAGA KERJA
C81: Pekerja | D81: 1.5 | E81: OH | H81: =IFERROR((I10*D81)*L18,0)
C82: Tukang batu | D82: 0.5 | E82: OH | H82: =IFERROR((I10*D82)*L18,0)
C83: Mandor | D83: 0.15 | E83: OH | H83: =IFERROR((I10*D83)*L18,0)
C84: BAHAN
C85: Batu belah | D85: 1.2 | E85: m3 | H85: =IFERROR((I10*D85)*L18,0)
C86: Semen portland | D86: 202 | E86: kg | H86: =IFERROR((I10*D86/50)*L18,0)
C87: Pasir pasang | D87: 0.485 | E87: m3 | H87: =IFERROR((I10*D87)*L18,0)
C89: Pemasangan 1 m3 pondasi batu belah mortar tipe N 5,2 Mpa (setara 1SP : 4PP), cara manual
C90: TENAGA KERJA
C91: Pekerja | D91: 1.5 | E91: OH | H91: =IFERROR((I10*D91)*L22,0)
C92: Tukang batu | D92: 0.5 | E92: OH | H92: =IFERROR((I10*D92)*L22,0)
C93: Mandor | D93: 0.15 | E93: OH | H93: =IFERROR((I10*D93)*L22,0)
C94: BAHAN
C95: Batu belah | D95: 1.2 | E95: m3 | H95: =IFERROR((I10*D95)*L22,0)
C96: Semen portland | D96: 163 | E96: kg | H96: =IFERROR((I10*D96/50)*L22,0)
C97: Pasir pasang | D97: 0.52 | E97: m3 | H97: =IFERROR((I10*D97)*L22,0)
C99: 1 m3 urukan kembali galian tanah ( >0 s.d 200 m3) tanpa pemadatan secara manual
C100: TENAGA KERJA
C101: Pekerja | D101: 0.5 | E101: OH | H101: =IFERROR(I17*D101,0)
C102: Mandor | D102: 0.025 | E102: OH | H102: =IFERROR(I17*D102,0)
C104: 1 m3 urukan pasir uruk untuk volume s.d 200 m3 tanpa pemadatan secara manual
C105: TENAGA KERJA
C106: Pekerja | D106: 0.3 | E106: OH | H106: =IFERROR(I12*D106,0)
C107: Mandor | D107: 0.015 | E107: OH | H107: =IFERROR(I12*D107,0)
C108: BAHAN
C109: Pasir uruk | D109: 1.2 | E109: m3 | H109: =IFERROR(I12*D109,0)
C111: 1 m3 urukan tanah biasa atau tanah liat berpasir tanpa pemadatan secara manual
C112: TENAGA KERJA
C113: Pekerja | D113: 0.1 | E113: OH | H113: =IFERROR((I15+I16)*D113,0)
C114: Mandor | D114: 0.01 | E114: OH | H114: =IFERROR((I15+I16)*D114,0)
C115: BAHAN
C116: Tanah biasa | D116: 1.4 | E116: m3 | H116: =IFERROR((I15+I16)*D116,0)

Sheet Foot Plate
D3: AHSP S.E. BHINA KONSTRUKSI NO. 30 TAHUN 2025
B5: 3. | C5: PEKERJAAN PONDASI TAPAK BETON/FOOT PLATE
B7: 3.1 | C7: Dimensi Utama | F7: 3.2 | G7: Volume | L7: 3.3 | M7: Result
B8: a1 | C8: Lebar Kolom 1 | D8: 0.25 | E8: m | F8: d1 | G8: Jumlah Besi D1 | I8: =IFERROR((D12+D14+D15+D8+10*D20/1000)*D25,0) | J8: m | M8: Uraian | O8: Volume | P8: Satuan | Q8: Harga Satuan (Rp) | R8: Jumlah Harga (Rp)
B9: a2 | C9: Lebar Kolom 2 | D9: 0.25 | E9: m | F9: d2 | G9: Jumlah Besi D2 | I9: =IFERROR((D12+D14+D15+D8+10*D21/1000)*D26,0) | J9: m | L9: 1 | M9: Pekerja | O9: =I58 | P9: OH | Q9: 100000 | R9: =IFERROR((Q9*O9)*L9,0)
B10: b1 | C10: Lebar Tapak 1 | D10: 0.7 | E10: m | F10: d3 | G10: Jumlah Besi D3 | I10: =IFERROR(((D12+D14+D15)/D27+1)*(D8+D9+10*D22/1000-2*D34)*2,0) | J10: m | L10: 1 | M10: Tukang | O10: =I59 | P10: OH | Q10: 145000 | R10: =IFERROR((Q10*O10)*L10,0)
B11: b2 | C11: Lebar Tapak 2 | D11: 0.7 | E11: m | F11: d4 | G11: Jumlah Besi D4 | I11: =IFERROR((D10/D27+1)*(D11+2*10*D30/1000)+(D11/D27+1)*(D10+2*10*D30/1000),0) | J11: m | L11: 1 | M11: Kepala Tukang | O11: =I60 | P11: OH | Q11: 175000 | R11: =IFERROR((Q11*O11)*L11,0)
B12: h1 | C12: Tinggi Kolom | D12: 1.5 | E12: m | F12: d5 | G12: Jumlah Besi D5 | I12: =IFERROR((D10/D27+1)*(D11+2*D14+2*D15+2*10*D31/1000)+(D11/D27+1)*(D10+2*D14+2*D15+2*10*D31/1000),0) | J12: m | L12: 1 | M12: Mandor | O12: =I61 | P12: OH | Q12: 200000 | R12: =IFERROR((Q12*O12)*L12,0)
F13: d6 | G13: Jumlah Besi D6 | I13: =IFERROR((D8+1.25*2*(D14+D15)+2*10*D32/1000)*4,0) | J13: m | O13: Jumlah Harga Tenaga Kerja = | R13: =SUM(R9:R12)
B14: h2 | C14: Kemiringan Tapak | D14: 0.1 | E14: m | G14: Jumlah Kawat Beton | I14: =IFERROR(((D12/D27+1)*(D25+D26)+(D10/D27+1)*(D11/D27+1))*(D28),0) | J14: m | M14: BAHAN
B15: h3 | C15: Tinggi Tapak | D15: 0.3 | E15: m | M15: ="Besi utama, dia: "&D20&" mm" | O15: =IFERROR(I24/12,0) | P15: batang | Q15: 196700 | R15: =IFERROR(Q15*O15,0)
B16: h4 | C16: Tinggi Lantai Kerja | D16: 0.05 | E16: m | G16: Galian Pondasi | I16: =IFERROR(D10*D11*(D12+D14+D15+D16+D17)*D18*1,0) | J16: m³ | M16: ="Besi support, dia: "&D21&" mm" | O16: =IFERROR(I25/12,0) | P16: batang | Q16: 196700 | R16: =IFERROR(Q16*O16,0)
B17: h5 | C17: Tinggi Urugan Pasir | D17: 0.1 | E17: m | G17: Urugan Pasir Pondasi | I17: =IFERROR(D10*D11*D17*D18*1,0) | J17: m³ | M17: ="Besi sengkang, dia: "&D22&" mm" | O17: =IFERROR(I26/12,0) | P17: batang | Q17: 67800 | R17: =IFERROR(Q17*O17,0)
C18: Jumlah Pondasi Tapak | D18: 5 | E18: unit | G18: Pekerjaan Pembesian | I18: =IFERROR(0.785*D35/(10^6)*(I8*D20^2+I9*D21^2+I10*D22^2+I11*D30^2+I12*D31^2+I13*D32^2+I14*D23^2)*D18*1,0) | J18: kg | M18: ="Besi alas, dia: "&D30&" mm" | O18: =IFERROR(I27/12,0) | P18: batang | Q18: 117200 | R18: =IFERROR(Q18*O18,0)
C19: Besi Kaki Kolom | G19: Pekerjaan Bekisting | I19: =IFERROR(((D10+D11)*2*D15*D18+(D8+D9)*2*D12*D18)*1,0) | J19: m² | M19: ="Besi pembentuk, dia: "&D31&" mm" | O19: =IFERROR(I28/12,0) | P19: batang | Q19: 117200 | R19: =IFERROR(Q19*O19,0)
B20: d1 | C20: Besi Utama, Ø | D20: 16 | E20: mm | G20: Pekerjaan Cor | I20: =IFERROR((D8*D9*D12+D10*D11*D15+D10*D11*D14*0.5)*D18*1,0) | J20: m³ | M20: ="Besi Kait, dia: "&D32&" mm" | O20: =IFERROR(I29/12,0) | P20: batang | Q20: 67800 | R20: =IFERROR(Q20*O20,0)
B21: d2 | C21: Besi Support, Ø | D21: 16 | E21: mm | G21: Jumlah Kawat Beton | I21: =IFERROR(0.785*D35/(10^6)*(I14*D23^2)*D18*1,0) | J21: kg | M21: ="Kawat Beton, "&D23&" mm" | O21: =I21 | P21: kg | Q21: 18800 | R21: =IFERROR(Q21*O21,0)
B22: d3 | C22: Besi Sengkang, Ø | D22: 10 | E22: mm | G22: Volume Lantai Kerja | I22: =IFERROR(D10*D11*D16*D18*1,0) | J22: m³ | M22: Kayu papan kelas III | O22: =H84 | P22: m³ | Q22: 8000000 | R22: =IFERROR(Q22*O22,0)
C23: Kawat Beton, Ø | D23: 1.2 | E23: mm | M23: Kayu balok 6/12 kelas II | O23: =H89 | P23: m³ | Q23: 11950000 | R23: =IFERROR(Q23*O23,0)
G24: Jumlah Panjang Besi d1 | I24: =IFERROR(I8*D18,0) | J24: m¹ | M24: Plywood 12 mm | O24: =H90 | P24: lembar | Q24: 167300 | R24: =IFERROR(Q24*O24,0)
C25: Jumlah Besi Utama | D25: 3 | E25: bh | G25: Jumlah Panjang Besi d2 | I25: =IFERROR(I9*D18,0) | J25: m¹ | M25: Dolken kayu φ 8-10 (4m) | O25: =H91 | P25: batang | Q25: 35000 | R25: =IFERROR(Q25*O25,0)
C26: Jumlah Besi Support | D26: 3 | E26: bh | G26: Jumlah Panjang Besi d3 | I26: =IFERROR(I10*D18,0) | J26: m¹ | M26: Minyak Bekisting | O26: =H86+H93 | P26: liter | Q26: 9500 | R26: =IFERROR(Q26*O26,0)
B27: r1 | C27: Jarak Sengkang | D27: 0.15 | E27: m | G27: Jumlah Panjang Besi d4 | I27: =IFERROR(I11*D18,0) | J27: m¹ | M27: Paku 12 cm | O27: =H92 | P27: kg | Q27: 20500 | R27: =IFERROR(Q27*O27,0)
C28: Panjang Kawat Ikat | D28: 0.35 | E28: m | G28: Jumlah Panjang Besi d5 | I28: =IFERROR(I12*D18,0) | J28: m¹ | M28: Paku 4 inch | O28: =H85 | P28: kg | Q28: 19000 | R28: =IFERROR(Q28*O28,0)
C29: Besi Tapak Pondasi | G29: Jumlah Panjang Besi d6 | I29: =IFERROR(I13*D18,0) | J29: m¹ | M29: Semen Portland (50kg) | O29: =H96 | P29: sak | Q29: 65000 | R29: =IFERROR(Q29*O29,0)
B30: d4 | C30: Besi Alas (merah), Ø | D30: 13 | E30: mm | G30: Panjang Kawat Beton | I30: =IFERROR(I14*D18,0) | J30: m¹ | M30: Pasir beton | O30: =H97 | P30: m³ | Q30: 420000 | R30: =IFERROR(Q30*O30,0)
B31: d5 | C31: Besi Pembentuk (hijau),Ø | D31: 13 | E31: mm | M31: Batu split | O31: =H98 | P31: m³ | Q31: 400000 | R31: =IFERROR(Q31*O31,0)
B32: d6 | C32: Besi Kait (kuning), Ø | D32: 10 | E32: mm | M32: Air | O32: =H99 | P32: liter | Q32: 200 | R32: =IFERROR(Q32*O32,0)
B33: r2 | C33: Jarak Tulangan | D33: 0.15 | E33: m | M33: Pasir uruk | O33: =I17 | P33: m³ | Q33: 254700 | R33: =IFERROR(Q33*O33,0)
C34: Selimut Beton | D34: 0.03 | E34: m | O34: Jumlah Harga Bahan = | R34: =SUM(R15:R33)
C35: Massa Jenis Besi, ρ | D35: 7850 | E35: kg/m3 | Q35: TOTAL | R35: =IFERROR((R13+R34)*L36,0)
L36: 1 | R36: Biaya Pekerjaan
C38: Gambar Panduan:
C55: AHSP S.E. DIRJEN BHINA KONSTRUKSI NO. 30 TAHUN 2025
C56: Uraian | D56: Koefisien | E56: Sat. | N56: Bekisting Tapak
C57: Penulangan kolom cara manual | I57: Jumlah | N57: =IFERROR((D10+D11)*2*D15*D18,0)
C58: Pekerja | D58: 0.0016 | E58: OH | H58: =IFERROR(I18*D58,0) | I58: =H58+H63+H68+H73+H78 | N58: Beksiting Kolom
C59: Tukang | D59: 0.0016 | E59: OH | H59: =IFERROR(I18*D59,0) | I59: =H59+H64+H69+H74 | N59: =IFERROR((D8+D9)*2*D12*D18,0)
C60: Kepala Tukang | D60: 0.00016 | E60: OH | H60: =IFERROR(I18*D60,0) | I60: =H60+H65+H70+H75
C61: Mandor | D61: 0.00016 | E61: OH | H61: =IFERROR(I18*D61,0) | I61: =H61+H66+H71+H76+H79
C62: Pemasangan Bekisting Kolom (1 m2)
C63: Pekerja | D63: 0.66 | E63: OH | H63: =IFERROR(N59*D63,0)
C64: Tukang | D64: 0.33 | E64: OH | H64: =IFERROR(N59*D64,0)
C65: Kepala Tukang | D65: 0.033 | E65: OH | H65: =IFERROR(N59*D65,0)
C66: Mandor | D66: 0.011 | E66: OH | H66: =IFERROR(N59*D66,0)
C67: Pemasangan bekisting pondasi tapak (1 m2)
C68: Pekerja | D68: 0.52 | E68: OH | H68: =IFERROR(N57*D68,0)
C69: Tukang | D69: 0.26 | E69: OH | H69: =IFERROR(N57*D69,0)
C70: Kepala Tukang | D70: 0.026 | E70: OH | H70: =IFERROR(N57*D70,0)
C71: Mandor | D71: 0.009 | E71: OH | H71: =IFERROR(N57*D71,0)
C72: Pengecoran beton mutu K-300 (1 m3)
C73: Pekerja | D73: 1 | E73: OH | H73: =IFERROR(I20*D73,0)
C74: Tukang | D74: 0.25 | E74: OH | H74: =IFERROR(I20*D74,0)
C75: Kepala Tukang | D75: 0.025 | E75: OH | H75: =IFERROR(I20*D75,0)
C76: Mandor | D76: 0.1 | E76: OH | H76: =IFERROR(I20*D76,0)
C77: Pekerjaan galian & urukan tanah biasa (0-1 m)
C78: Pekerja | D78: =0.5+0.4 | E78: OH | H78: =IFERROR(I16*D78,0)
C79: Mandor | D79: =0.065 | E79: OH | H79: =IFERROR(I16*D79,0)
C80: BAHAN
C81: Pasir Urug | D81: 1.2 | E81: m3
C82: BAHAN
C83: Bekisting Pondasi Tapak (1 m2)
C84: Kayu papan kelas III | D84: 0.016 | E84: m3 | H84: =IFERROR(N57*D84,0)
C85: Paku 4 inch | D85: 0.3 | E85: kg | H85: =IFERROR(N57*D85,0)
C86: Minyak bekisting | D86: 0.1 | E86: ltr | H86: =IFERROR(N57*D86,0)
C87: BAHAN
C88: Bekisting Kolom (1 m2)
C89: Kayu balok 6/12 kelas II | D89: 0.00465 | E89: m3 | H89: =IFERROR(N59*D89,0)
C90: Plywood 12 mm | D90: 0.12705 | E90: lbr | H90: =IFERROR(N59*D90,0)
C91: Dolken kayu φ 8-10 (4m) | D91: 0.65 | E91: btg | H91: =IFERROR(N59*D91,0)
C92: Paku 12 cm | D92: 0.4 | E92: kg | H92: =IFERROR(N59*D92,0)
C93: Minyak bekisting | D93: 0.2 | E93: ltr | H93: =IFERROR(N59*D93,0)
C94: BAHAN
C95: Pengecoran beton mutu K-300 (1 m3)
C96: Semen Portland (PC) | D96: 407 | E96: kg | H96: =IFERROR((I20*D96)/50,0)
C97: Pasir beton | D97: 731 | E97: kg | H97: =IFERROR((I20*D97)/1400,0)
C98: Batu split 2/3 | D98: 1009 | E98: kg | H98: =IFERROR((I20*D98)/1450,0)
C99: Air | D99: 202 | E99: ltr | H99: =IFERROR(I20*D99,0)

Sheet Sloof
D3: AHSP S.E. BHINA KONSTRUKSI NO. 30 TAHUN 2025
B5: 4. | C5: PEKERJAAN STRUKTUR SLOOF BETON
B7: 4.1 | C7: Dimensi Utama | F7: 4.2 | G7: Volume | L7: 4.3 | M7: Result
C8: Ukuran sloof beton | G8: Panjang besi 1 set sloof | M8: Uraian | O8: Volume | P8: Satuan | Q8: Harga Satuan (Rp) | R8: Jumlah Harga (Rp)
B9: P | C9: Panjang sloof | D9: 3 | E9: m | G9: Besi tulangan 1 | I9: =IFERROR((D9+(I14*2)+(I15*2))*D19,0) | J9: m | L9: 1 | M9: Pekerja | O9: =I55 | P9: OH | Q9: 100000 | R9: =IFERROR((Q9*O9)*L9,0)
B10: b | C10: Lebar Sloof | D10: 0.2 | E10: m | G10: Besi tulangan 2 | I10: =(D9+(I14*2)+(I15*2))*D20 | J10: m | L10: 1 | M10: Tukang | O10: =I56 | P10: OH | Q10: 145000 | R10: =IFERROR((Q10*O10)*L10,0)
B11: h | C11: Tinggi Sloof | D11: 0.3 | E11: m | G11: Besi sengkang/ring | I11: =IFERROR(D25*(I16+I17),0) | J11: m | L11: 1 | M11: Kepala Tukang | O11: =I57 | P11: OH | Q11: 175000 | R11: =IFERROR((Q11*O11)*L11,0)
C12: Jumlah sloof | D12: 5 | E12: unit | G12: Kawat beton | I12: =IFERROR(I31*I32,0) | J12: m | L12: 1 | M12: Mandor | O12: =I58 | P12: OH | Q12: 200000 | R12: =IFERROR((Q12*O12)*L12,0)
C13: Diameter besi tulangan | G13: Keterangan | O13: Jumlah Harga Tenaga Kerja = | R13: =SUM(R9:R12)
C14: Besi tulangan 1, Ø | D14: 10 | E14: mm | G14: Besi kait | I14: =(MAX(D14:D15))*10/1000 | J14: m | M14: BAHAN
C15: Besi tulangan 2, Ø | D15: 8 | E15: mm | G15: Besi overstek | I15: =D11 | J15: m | M15: ="Besi diameter: "&D14&" mm" | O15: =I24/12 | P15: batang | Q15: 67800 | R15: =IFERROR(Q15*O15,0)
C16: Besi sengkang, Ø | D16: 6 | E16: mm | G16: Sengkang tumpuan | I16: =ROUNDUP(D9*100/2/D21+1,0) | J16: set | M16: ="Besi diameter: "&D15&" mm" | O16: =IFERROR(I25/12,0) | P16: batang | Q16: 47500 | R16: =IFERROR(Q16*O16,0)
C17: Kawat beton, Ø | D17: 1.2 | E17: mm | G17: Sengkang lapangan | I17: =ROUNDUP(D9*100/2/D22+1,0) | J17: set | M17: ="Besi diameter: "&D16&" mm" | O17: =IFERROR(I26/12,0) | P17: batang | Q17: 36053 | R17: =IFERROR(Q17*O17,0)
C18: Jumlah besi tulangan | G18: Volume pekerjaan sloof | M18: ="Kawat beton: "&D17&" mm" | O18: =I22 | P18: kg | Q18: 18800 | R18: =IFERROR(Q18*O18,0)
C19: Jumlah besi tulangan 1 | D19: 4 | E19: bh | G19: Pekerjaan pembesian | I19: =R47 | J19: kg | M19: =C71 | O19: =H71 | P19: m³ | Q19: 8000000 | R19: =IFERROR(Q19*O19,0)
C20: Jumlah besi tulangan 2 | D20: 2 | E20: bh | G20: Pekerjaan bekisting | I20: =IFERROR((D9*D11*2)*D12,0) | J20: m² | M20: =C72 | O20: =H72 | P20: kg | Q20: 19000 | R20: =IFERROR(Q20*O20,0)
C21: Jarak sengkang tumpuan | D21: 15 | E21: cm | G21: Pekerjaan cor sloof | I21: =IFERROR((D9*D10*D11)*D12,0) | J21: m³ | M21: =C73 | O21: =H73 | P21: liter | Q21: 16800 | R21: =IFERROR(Q21*O21,0)
C22: Jarak sengkang lapangan | D22: 20 | E22: cm | G22: Jumlah kawat beton | I22: =IFERROR((R42*I27)*D27,0) | J22: kg | M22: =C83 | O22: =H83 | P22: sak | Q22: 65000 | R22: =IFERROR(Q22*O22,0)
C23: Keterangan | G23: Jumlah panjang besi sloof | M23: =C84 | O23: =H84 | P23: m³ | Q23: 420000 | R23: =IFERROR(Q23*O23,0)
B24: s | C24: Selimut beton | D24: 2.5 | E24: cm | G24: Panjang besi tulangan 1 | I24: =IFERROR(I9*D12,0) | J24: m | M24: =C85 | O24: =H85 | P24: m³ | Q24: 400000 | R24: =IFERROR(Q24*O24,0)
C25: Panjang besi sengkang | D25: =((D10+D11)*2)-(D24*8/100)+(10*D16*2/1000) | E25: m | G25: Panjang besi tulangan 2 | I25: =IFERROR(I10*D12,0) | J25: m | M25: =C86 | O25: =H86 | P25: liter | Q25: 200 | R25: =IFERROR(Q25*O25,0)
C26: Panjang kawat ikat | D26: 0.35 | E26: m | G26: Panjang besi sengkang | I26: =IFERROR(I11*D12,0) | J26: m | O26: Jumlah Harga Bahan = | R26: =SUM(R15:R25)
C27: Massa jenis besi, ρ | D27: 7850 | E27: kg/m³ | G27: Panjang kawat beton | I27: =IFERROR(I12*D12,0) | J27: m | Q27: TOTAL | R27: =IFERROR(R13+R26,0)
R28: Biaya Pekerjaan
I31: =IFERROR((D19+D20)*D26,0)
I32: =IFERROR((I16+I17)+1,0)
R41: =((D17/1000))
R42: =PI()*(R41/2)^2
Q44: =((D14/1000)) | R44: =IFERROR((Q45*I24)*D27,0)
Q45: =PI()*(Q44/2)^2 | R45: =IFERROR((Q48*I25)*D27,0)
R46: =IFERROR((Q51*I26)*D27,0)
Q47: =((D15/1000)) | R47: =SUM(R44:R46)
Q48: =PI()*(Q47/2)^2
C50: AHSP S.E. DIRJEN BHINA KONSTRUKSI NO. 30 TAHUN 2025 | Q50: =((D16/1000))
Q51: =PI()*(Q50/2)^2
C52: 1 kg Penulangan Kolom, Balok, Ring Balk dan Sloof untuk BjTP diameter <12 mm cara Manual
C53: Uraian | D53: Koefisien | E53: Sat.
C54: TENAGA KERJA
C55: Pekerja | D55: 0.0016 | E55: OH | H55: =IFERROR(I19*D55,0) | I55: =H55+H66+H78+H91
C56: Tukang besi | D56: 0.0016 | E56: OH | H56: =IFERROR(I19*D56,0) | I56: =H56+H67+H79
C57: Kepala tukang | D57: 0.00016 | E57: OH | H57: =IFERROR(I19*D57,0) | I57: =H57+H68+H80
C58: Mandor | D58: 0.00016 | E58: OH | H58: =IFERROR(I19*D58,0) | I58: =H58+H69+H81+H92
C59: BAHAN
C60: Baja Tulangan Polos (BjTP) diameter < 12 mm | D60: 1.02 | E60: kg
C61: Kawat beton | D61: 0.028 | E61: kg
C63: Pemasangan 1 m2 bekisting untuk sloof (3 kali pakai)
C64: Uraian | D64: Koefisien | E64: Sat.
C65: TENAGA KERJA
C66: Pekerja | D66: 0.52 | E66: OH | H66: =IFERROR(I20*D66,0)
C67: Tukang kayu | D67: 0.26 | E67: OH | H67: =IFERROR(I20*D67,0)
C68: Kepala tukang | D68: 0.026 | E68: OH | H68: =IFERROR(I20*D68,0)
C69: Mandor | D69: 0.009 | E69: OH | H69: =IFERROR(I20*D69,0)
C70: BAHAN
C71: Kayu papan kelas III | D71: 0.018 | E71: m3 | H71: =IFERROR(I20*D71,0)
C72: Paku 4 inch | D72: 0.3 | E72: kg | H72: =IFERROR(I20*D72,0)
C73: Minyak Bekisting | D73: 0.1 | E73: liter | H73: =IFERROR(I20*D73,0)
C75: 1 m3 beton mutu sedang f'c 21 MPa (setara K-275), slump (100 ± 25) mm, agregat maks 19 mm secara manual
C76: Uraian | D76: Koefisien | E76: Sat.
C77: TENAGA KERJA
C78: Pekerja | D78: 1.65 | E78: OH | H78: =IFERROR(I21*D78,0)
C79: Tukang batu | D79: 0.275 | E79: OH | H79: =IFERROR(I21*D79,0)
C80: Kepala tukang | D80: 0.028 | E80: OH | H80: =IFERROR(I21*D80,0)
C81: Mandor | D81: 0.009 | E81: OH | H81: =IFERROR(I21*D81,0)
C82: BAHAN
C83: Semen Portland (PC) | D83: 368 | E83: kg | H83: =IFERROR((I21*D83)/50,0)
C84: Pasir beton | D84: 770 | E84: kg | H84: =IFERROR((I21*D84)/1400,0)
C85: Batu split 2/3 | D85: 1009 | E85: kg | H85: =IFERROR((I21*D85)/1450,0)
C86: Air | D86: 202 | E86: liter | H86: =IFERROR(I21*D86,0)
C88: Pembongkaran 1 m2 bekisting secara biasa pada bangunan gedung (termasuk membersihkan dan membereskan puing-puing)
C89: Uraian | D89: Koefisien | E89: Sat.
C90: TENAGA KERJA
C91: Pekerja | D91: 0.04 | E91: OH | H91: =IFERROR(I20*D91,0)
C92: Mandor | D92: 0.004 | E92: OH | H92: =IFERROR(I20*D92,0)

Sheet Kolom
D3: AHSP S.E. BHINA KONSTRUKSI NO. 30 TAHUN 2025
B5: 5. | C5: PEKERJAAN STRUKTUR KOLOM BETON
B7: 5.1 | C7: Dimensi Utama | F7: 5.2 | G7: Volume | L7: 5.3 | M7: Result
C8: Ukuran kolom beton | G8: Panjang besi 1 set kolom | M8: Uraian | O8: Volume | P8: Satuan | Q8: Harga Satuan (Rp) | R8: Jumlah Harga (Rp)
B9: T | C9: Tinggi kolom | D9: 3 | E9: m | G9: Besi utama | I9: =IFERROR((D9+I14+I15)*D19,0) | J9: m | L9: 1 | M9: Pekerja | O9: =I55 | P9: OH | Q9: 80000 | R9: =IFERROR((Q9*O9)*L9,0)
B10: L | C10: Lebar kolom | D10: 0.15 | E10: m | G10: Besi support | I10: =IFERROR((D9+I14+I15)*D20,0) | J10: m | L10: 1 | M10: Tukang | O10: =I56 | P10: OH | Q10: 135000 | R10: =IFERROR((Q10*O10)*L10,0)
B11: P | C11: Panjang kolom | D11: 0.25 | E11: m | G11: Besi sengkang/ring | I11: =IFERROR(D25*I16,0) | J11: m | L11: 1 | M11: Kepala Tukang | O11: =I57 | P11: OH | Q11: 150000 | R11: =IFERROR((Q11*O11)*L11,0)
C12: Jumlah kolom | D12: 5 | E12: unit | G12: Kawat beton | I12: =IFERROR((D19+D20)*(I16+1)*D26,0) | J12: m | L12: 1 | M12: Mandor | O12: =I58 | P12: OH | Q12: 175000 | R12: =IFERROR((Q12*O12)*L12,0)
C13: Diameter besi tulangan | G13: Keterangan | O13: Jumlah Harga Tenaga Kerja = | R13: =SUM(R9:R12)
B14: D1 | C14: Besi Utama, Ø | D14: 12 | E14: mm | G14: Kait atas | I14: =MAX(D14:D15)*10/1000 | J14: m | M14: BAHAN
B15: D2 | C15: Besi Support, Ø | D15: 10 | E15: mm | G15: Kait bawah | I15: =MAX(D14:D15)*10/1000 | J15: m | M15: ="Besi utama Ø, "&D14&" mm" | O15: =I24/12 | P15: batang | Q15: 67800 | R15: =IFERROR(Q15*O15,0)
C16: Besi sengkang, Ø | D16: 8 | E16: mm | G16: Jumlah sengkang | I16: =IFERROR(ROUNDUP(((D9/(D21/100))+1),0),0) | J16: set | M16: ="Besi support Ø, "&D15&" mm" | O16: =IFERROR(I25/12,0) | P16: batang | Q16: 47500 | R16: =IFERROR(Q16*O16,0)
C17: Kawat beton, Ø | D17: 1.2 | E17: mm | M17: ="Besi sengkang Ø, "&D16&" mm" | O17: =IFERROR(I26/12,0) | P17: batang | Q17: 36053 | R17: =IFERROR(Q17*O17,0)
C18: Jumlah besi tulangan | G18: Volume pekerjaan kolom | M18: ="Kawat beton Ø, "&D17&" mm" | O18: =I22 | P18: kg | Q18: 18800 | R18: =IFERROR(Q18*O18,0)
B19: D1 | C19: Jumlah besi utama | D19: 4 | E19: bh | G19: Pekerjaan pembesian | I19: =R47 | J19: kg | M19: =C71 | O19: =H71 | P19: kg | Q19: 20500 | R19: =IFERROR(Q19*O19,0)
B20: D2 | C20: Jumlah besi support | D20: 2 | E20: bh | G20: Pekerjaan bekisting | I20: =IFERROR(((D10+D11)*D9*D12)*2,0) | J20: m² | M20: =C72 | O20: =H72 | P20: liter | Q20: 9500 | R20: =IFERROR(Q20*O20,0)
C21: Jarak sengkang | D21: 15 | E21: cm | G21: Pekerjaan cor kolom | I21: =IFERROR((D10*D11*D9)*D12,0) | J21: m³ | M21: =C73 | O21: =H73 | P21: m3 | Q21: 11950000 | R21: =IFERROR(Q21*O21,0)
G22: Jumlah kawat beton | I22: =IFERROR((R42*I27)*D27,0) | J22: kg | M22: =C74 | O22: =H74 | P22: lembar | Q22: 167300 | R22: =IFERROR(Q22*O22,0)
C23: Keterangan | G23: Jumlah panjang besi kolom | M23: Dolken kayu φ 8-10 (4m) | O23: =H75 | P23: batang | Q23: 35000 | R23: =IFERROR(Q23*O23,0)
B24: S | C24: Selimut beton | D24: 2.5 | E24: cm | G24: Panjang besi utama | I24: =IFERROR(I9*D12,0) | J24: m | M24: =C85 | O24: =H85 | P24: sak | Q24: 65000 | R24: =IFERROR(Q24*O24,0)
C25: Panjang besi sengkang | D25: =((D10+D11)*2)-(D24*8/100)+(8*D16*2/1000) | E25: m | G25: Panjang besi support | I25: =IFERROR(I10*D12,0) | J25: m | M25: =C86 | O25: =H86 | P25: m³ | Q25: 400000 | R25: =IFERROR(Q25*O25,0)
C26: Panjang kawat ikat | D26: 0.35 | E26: m | G26: Panjang besi sengkang | I26: =IFERROR(I11*D12,0) | J26: m | M26: =C87 | O26: =H87 | P26: m³ | Q26: 450000 | R26: =IFERROR(Q26*O26,0)
C27: Massa jenis besi, ρ | D27: 7850 | E27: kg/m³ | G27: Panjang kawat beton | I27: =IFERROR(I12*D12,0) | J27: m | M27: =C88 | O27: =H88 | P27: liter | Q27: 200 | R27: =IFERROR(Q27*O27,0)
O28: Jumlah Harga Bahan = | R28: =SUM(R15:R27)
Q29: TOTAL | R29: =IFERROR(R13+R28,0)
R30: Biaya Pekerjaan
R41: =((D17/1000))
R42: =PI()*(R41/2)^2
Q44: =((D14/1000)) | R44: =IFERROR((Q45*I24)*D27,0)
Q45: =PI()*(Q44/2)^2 | R45: =IFERROR((Q48*I25)*D27,0)
R46: =IFERROR((Q51*I26)*D27,0)
Q47: =((D15/1000)) | R47: =SUM(R44:R46)
Q48: =PI()*(Q47/2)^2
C50: AHSP S.E. DIRJEN BHINA KONSTRUKSI NO. 30 TAHUN 2025 | Q50: =((D16/1000))
Q51: =PI()*(Q50/2)^2
C52: 1 kg Penulangan Kolom, Balok, Ring Balk dan Sloof untuk BjTP diameter <12 mm cara Manual
C53: Uraian | D53: Koefisien | E53: Sat.
C54: TENAGA KERJA
C55: Pekerja | D55: 0.0016 | E55: OH | H55: =IFERROR(I19*D55,0) | I55: =H55+H66+H80+H93
C56: Tukang besi | D56: 0.0016 | E56: OH | H56: =IFERROR(I19*D56,0) | I56: =H56+H67+H81
C57: Kepala tukang | D57: 0.00016 | E57: OH | H57: =IFERROR(I19*D57,0) | I57: =H57+H68+H82
C58: Mandor | D58: 0.00016 | E58: OH | H58: =IFERROR(I19*D58,0) | I58: =H58+H69+H83+H94
C59: BAHAN
C60: Baja Tulangan Polos (BjTP) diameter < 12 mm | D60: 1.02 | E60: kg
C61: Kawat beton | D61: 0.028 | E61: kg
C63: Pemasangan 1 m2 bekisting untuk kolom (3 kali pakai)
C64: Uraian | D64: Koefisien | E64: Sat.
C65: TENAGA KERJA
C66: Pekerja | D66: 0.66 | E66: OH | H66: =IFERROR(I20*D66,0)
C67: Tukang kayu | D67: 0.33 | E67: OH | H67: =IFERROR(I20*D67,0)
C68: Kepala tukang | D68: 0.033 | E68: OH | H68: =IFERROR(I20*D68,0)
C69: Mandor | D69: 0.011 | E69: OH | H69: =IFERROR(I20*D69,0)
C70: BAHAN
C71: Paku 12 cm | D71: 0.4 | E71: kg | H71: =IFERROR(I20*D71,0)
C72: Minyak bekisting | D72: 0.2 | E72: liter | H72: =IFERROR(I20*D72,0)
C73: Kayu balok 6/12 kelas II | D73: 0.00465 | E73: m3 | H73: =IFERROR(I20*D73,0)
C74: Plywood 12 mm | D74: 0.12705 | E74: lbr | H74: =IFERROR(I20*D74,0)
C75: Dolken kayu φ 8-10 panjang 400 cm | D75: 0.65 | E75: btg | H75: =IFERROR(I20*D75,0)
C77: 1 m3 beton mutu sedang f'c 21 MPa (setara K-275), slump (100 ± 25) mm, agregat maks 19 mm secara manual
C78: Uraian | D78: Koefisien | E78: Sat.
C79: TENAGA KERJA
C80: Pekerja | D80: 1.65 | E80: OH | H80: =IFERROR(I21*D80,0)
C81: Tukang batu | D81: 0.275 | E81: OH | H81: =IFERROR(I21*D81,0)
C82: Kepala tukang | D82: 0.028 | E82: OH | H82: =IFERROR(I21*D82,0)
C83: Mandor | D83: 0.009 | E83: OH | H83: =IFERROR(I21*D83,0)
C84: BAHAN
C85: Semen Portland (PC) | D85: 368 | E85: kg | H85: =IFERROR((I21*D85)/50,0)
C86: Pasir beton | D86: 770 | E86: kg | H86: =IFERROR((I21*D86)/1400,0)
C87: Batu split 2/3 | D87: 1009 | E87: kg | H87: =IFERROR((I21*D87)/1450,0)
C88: Air | D88: 202 | E88: liter | H88: =IFERROR(I21*D88,0)
C90: Pembongkaran 1 m2 bekisting secara biasa pada bangunan gedung (termasuk membersihkan dan membereskan puing-puing)
C91: Uraian | D91: Koefisien | E91: Sat.
C92: TENAGA KERJA
C93: Pekerja | D93: 0.04 | E93: OH | H93: =IFERROR(I20*D93,0)
C94: Mandor | D94: 0.004 | E94: OH | H94: =IFERROR(I20*D94,0)

Sheet Balok
D3: AHSP S.E. BHINA KONSTRUKSI NO. 30 TAHUN 2025
B5: 6. | C5: PEKERJAAN STRUKTUR BALOK BETON
B7: 6.1 | C7: Dimensi Utama | F7: 6.2 | G7: Volume | L7: 6.3 | M7: Result
C8: Ukuran balok beton | G8: Panjang besi 1 set balok | M8: Uraian | O8: Volume | P8: Satuan | Q8: Harga Satuan (Rp) | R8: Jumlah Harga (Rp)
B9: P | C9: Panjang balok | D9: 3 | E9: m | G9: Besi tulangan 1 | I9: =IFERROR((D9+(I14*2)+(I15*2))*D19,0) | J9: m | L9: 1 | M9: Pekerja | O9: =I55 | P9: OH | Q9: 100000 | R9: =IFERROR((Q9*O9)*L9,0)
B10: b | C10: Lebar balok | D10: 0.2 | E10: m | G10: Besi tulangan 2 | I10: =(D9+(I14*2)+(I15*2))*D20 | J10: m | L10: 1 | M10: Tukang | O10: =I56 | P10: OH | Q10: 145000 | R10: =IFERROR((Q10*O10)*L10,0)
B11: h | C11: Tinggi balok | D11: 0.3 | E11: m | G11: Besi sengkang/ring | I11: =IFERROR(D25*(I16+I17),0) | J11: m | L11: 1 | M11: Kepala Tukang | O11: =I57 | P11: OH | Q11: 175000 | R11: =IFERROR((Q11*O11)*L11,0)
C12: Jumlah balok | D12: 5 | E12: unit | G12: Kawat beton | I12: =IFERROR(I31*I32,0) | J12: m | L12: 1 | M12: Mandor | O12: =I58 | P12: OH | Q12: 200000 | R12: =IFERROR((Q12*O12)*L12,0)
C13: Diameter besi tulangan | G13: Keterangan | O13: Jumlah Harga Tenaga Kerja = | R13: =SUM(R9:R12)
C14: Besi tulangan 1, Ø | D14: 10 | E14: mm | G14: Besi kait | I14: =(MAX(D14:D15))*10/1000 | J14: m | M14: BAHAN
C15: Besi tulangan 2, Ø | D15: 8 | E15: mm | G15: Besi overstek | I15: =D11 | J15: m | M15: ="Besi diameter: "&D14&" mm" | O15: =I24/12 | P15: batang | Q15: 67800 | R15: =IFERROR(Q15*O15,0)
C16: Besi sengkang, Ø | D16: 6 | E16: mm | G16: Sengkang tumpuan | I16: =ROUNDUP(D9*100/2/D21+1,0) | J16: set | M16: ="Besi diameter: "&D15&" mm" | O16: =IFERROR(I25/12,0) | P16: batang | Q16: 47500 | R16: =IFERROR(Q16*O16,0)
C17: Kawat beton, Ø | D17: 1.2 | E17: mm | G17: Sengkang lapangan | I17: =ROUNDUP(D9*100/2/D22+1,0) | J17: set | M17: ="Besi diameter: "&D16&" mm" | O17: =IFERROR(I26/12,0) | P17: batang | Q17: 36053 | R17: =IFERROR(Q17*O17,0)
C18: Jumlah besi tulangan | G18: Volume pekerjaan balok | M18: ="Kawat beton: "&D17&" mm" | O18: =I22 | P18: kg | Q18: 18800 | R18: =IFERROR(Q18*O18,0)
C19: Jumlah besi tulangan 1 | D19: 4 | E19: bh | G19: Pekerjaan pembesian | I19: =R47 | J19: kg | M19: =C71 | O19: =H71 | P19: kg | Q19: 20500 | R19: =IFERROR(Q19*O19,0)
C20: Jumlah besi tulangan 2 | D20: 2 | E20: bh | G20: Pekerjaan bekisting | I20: =IFERROR((D9*D11*2)*D12,0) | J20: m² | M20: =C72 | O20: =H72 | P20: liter | Q20: 9500 | R20: =IFERROR(Q20*O20,0)
C21: Jarak sengkang tumpuan | D21: 15 | E21: cm | G21: Pekerjaan cor balok | I21: =IFERROR((D9*D10*D11)*D12,0) | J21: m³ | M21: =C73 | O21: =H73 | P21: m3 | Q21: 11950000 | R21: =IFERROR(Q21*O21,0)
C22: Jarak sengkang lapangan | D22: 20 | E22: cm | G22: Jumlah kawat beton | I22: =IFERROR((R42*I27)*D27,0) | J22: kg | M22: =C74 | O22: =H74 | P22: lembar | Q22: 167300 | R22: =IFERROR(Q22*O22,0)
C23: Keterangan | G23: Jumlah panjang besi balok | M23: Dolken kayu φ 8-10 (4m) | O23: =H75 | P23: batang | Q23: 35000 | R23: =IFERROR(Q23*O23,0)
B24: s | C24: Selimut beton | D24: 2.5 | E24: cm | G24: Panjang besi tulangan 1 | I24: =IFERROR(I9*D12,0) | J24: m | M24: =C85 | O24: =H85 | P24: sak | Q24: 65000 | R24: =IFERROR(Q24*O24,0)
C25: Panjang besi sengkang | D25: =((D10+D11)*2)-(D24*8/100)+(10*D16*2/1000) | E25: m | G25: Panjang besi tulangan 2 | I25: =IFERROR(I10*D12,0) | J25: m | M25: =C86 | O25: =H86 | P25: m³ | Q25: 400000 | R25: =IFERROR(Q25*O25,0)
C26: Panjang kawat ikat | D26: 0.35 | E26: m | G26: Panjang besi sengkang | I26: =IFERROR(I11*D12,0) | J26: m | M26: =C87 | O26: =H87 | P26: m³ | Q26: 450000 | R26: =IFERROR(Q26*O26,0)
C27: Massa jenis besi, ρ | D27: 7850 | E27: kg/m³ | G27: Panjang kawat beton | I27: =IFERROR(I12*D12,0) | J27: m | M27: =C88 | O27: =H88 | P27: liter | Q27: 200 | R27: =IFERROR(Q27*O27,0)
O28: Jumlah Harga Bahan = | R28: =SUM(R15:R27)
Q29: TOTAL | R29: =IFERROR(R13+R28,0)
R30: Biaya Pekerjaan
I31: =IFERROR((D19+D20)*D26,0)
I32: =IFERROR((I16+I17)+1,0)
R41: =((D17/1000))
R42: =PI()*(R41/2)^2
Q44: =((D14/1000)) | R44: =IFERROR((Q45*I24)*D27,0)
Q45: =PI()*(Q44/2)^2 | R45: =IFERROR((Q48*I25)*D27,0)
R46: =IFERROR((Q51*I26)*D27,0)
Q47: =((D15/1000)) | R47: =SUM(R44:R46)
Q48: =PI()*(Q47/2)^2
C50: AHSP S.E. DIRJEN BHINA KONSTRUKSI NO. 30 TAHUN 2025 | Q50: =((D16/1000))
Q51: =PI()*(Q50/2)^2
C52: 1 kg Penulangan Kolom, Balok, Ring Balk dan Sloof untuk BjTP diameter <12 mm cara Manual
C53: Uraian | D53: Koefisien | E53: Sat.
C54: TENAGA KERJA
C55: Pekerja | D55: 0.0016 | E55: OH | H55: =IFERROR(I19*D55,0) | I55: =H55+H66+H80+H93
C56: Tukang besi | D56: 0.0016 | E56: OH | H56: =IFERROR(I19*D56,0) | I56: =H56+H67+H81
C57: Kepala tukang | D57: 0.00016 | E57: OH | H57: =IFERROR(I19*D57,0) | I57: =H57+H68+H82
C58: Mandor | D58: 0.00016 | E58: OH | H58: =IFERROR(I19*D58,0) | I58: =H58+H69+H83+H94
C59: BAHAN
C60: Baja Tulangan Polos (BjTP) diameter < 12 mm | D60: 1.02 | E60: kg
C61: Kawat beton | D61: 0.028 | E61: kg
C63: Pemasangan 1 m2 bekisting untuk balok (3 kali pakai)
C64: Uraian | D64: Koefisien | E64: Sat.
C65: TENAGA KERJA
C66: Pekerja | D66: 0.66 | E66: OH | H66: =IFERROR(I20*D66,0)
C67: Tukang kayu | D67: 0.33 | E67: OH | H67: =IFERROR(I20*D67,0)
C68: Kepala tukang | D68: 0.033 | E68: OH | H68: =IFERROR(I20*D68,0)
C69: Mandor | D69: 0.011 | E69: OH | H69: =IFERROR(I20*D69,0)
C70: BAHAN
C71: Paku 12 cm | D71: 0.4 | E71: kg | H71: =IFERROR(I20*D71,0)
C72: Minyak bekisting | D72: 0.2 | E72: ltr | H72: =IFERROR(I20*D72,0)
C73: Kayu balok 6/12 kelas II | D73: 0.00558 | E73: m3 | H73: =IFERROR(I20*D73,0)
C74: Plywood 12 mm | D74: 0.12705 | E74: lbr | H74: =IFERROR(I20*D74,0)
C75: Dolken kayu φ 8-10 panjang 400 cm | D75: 0.65 | E75: btg | H75: =IFERROR(I20*D75,0)
C77: 1 m3 beton mutu sedang f'c 21 MPa (setara K-275), slump (100 ± 25) mm, agregat maks 19 mm secara manual
C78: Uraian | D78: Koefisien | E78: Sat.
C79: TENAGA KERJA
C80: Pekerja | D80: 1.65 | E80: OH | H80: =IFERROR(I21*D80,0)
C81: Tukang batu | D81: 0.275 | E81: OH | H81: =IFERROR(I21*D81,0)
C82: Kepala tukang | D82: 0.028 | E82: OH | H82: =IFERROR(I21*D82,0)
C83: Mandor | D83: 0.009 | E83: OH | H83: =IFERROR(I21*D83,0)
C84: BAHAN
C85: Semen Portland (PC) | D85: 368 | E85: kg | H85: =IFERROR((I21*D85)/50,0)
C86: Pasir beton | D86: 770 | E86: kg | H86: =IFERROR((I21*D86)/1400,0)
C87: Batu split 2/3 | D87: 1009 | E87: kg | H87: =IFERROR((I21*D87)/1450,0)
C88: Air | D88: 202 | E88: liter | H88: =IFERROR(I21*D88,0)
C90: Pembongkaran 1 m2 bekisting secara biasa pada bangunan gedung (termasuk membersihkan dan membereskan puing-puing)
C91: Uraian | D91: Koefisien | E91: Sat.
C92: TENAGA KERJA
C93: Pekerja | D93: 0.04 | E93: OH | H93: =IFERROR(I20*D93,0)
C94: Mandor | D94: 0.004 | E94: OH | H94: =IFERROR(I20*D94,0)

Sheet Bata Ringan
D3: AHSP S.E. BHINA KONSTRUKSI NO. 30 TAHUN 2025
B5: 7. | C5: PEKERJAAN DINDING BATA RINGAN
B7: 7.1 | C7: Dimensi Utama | K7: 7.3 | L7: Result
C8: Ukuran dinding | G8: Ukuran ampig | L8: Uraian | N8: Volume | O8: Satuan | P8: Harga Satuan (Rp) | Q8: Jumlah Harga (Rp)
B9: Pi | C9: Panjang dinding interior | D9: 36 | E9: m | F9: T2 | G9: Tinggi ampig | H9: 2.3 | I9: m | K9: 1 | L9: Pekerja | N9: =H56 | O9: OH | P9: 100000 | Q9: =IFERROR((P9*N9)*K9,0)
B10: Pe | C10: Panjang dinding eksterior | D10: 39 | E10: m | F10: a2 | G10: Lebar alas | H10: 9 | I10: m | K10: 1 | L10: Tukang | N10: =H57 | O10: OH | P10: 145000 | Q10: =IFERROR((P10*N10)*K10,0)
B11: T | C11: Tinggi dinding | D11: 3.8 | E11: m | G11: Jumlah ampig | H11: 2 | I11: set | K11: 1 | L11: Kepala Tukang | N11: =H58 | O11: OH | P11: 175000 | Q11: =IFERROR((P11*N11)*K11,0)
C12: Ukuran kusen pintu | G12: Ukuran kusen jendela | K12: 1 | L12: Mandor | N12: =H59 | O12: OH | P12: 200000 | Q12: =IFERROR((P12*N12)*K12,0)
B13: a | C13: Tinggi kusen pintu | D13: 2.1 | E13: m | F13: m | G13: Tinggi kusen jendela | H13: 1.5 | I13: m | N13: Jumlah Harga Tenaga Kerja = | Q13: =SUM(Q9:Q12)
B14: b | C14: Lebar kusen pintu | D14: 0.9 | E14: m | F14: m1 | G14: Lebar kusen jendela | H14: 0.7 | I14: m | K14: 1 | L14: Pasangan Bata Ringan Tebal 7,5 cm
C15: Jumlah pintu | D15: 6 | E15: unit | G15: Jumlah jendela | H15: 7 | I15: unit | L15: =C61 | N15: =G61 | O15: buah | P15: 8500 | Q15: =IFERROR(P15*N15,0)
C16: Bouvenlight | G16: Lubang pengurang lainnya | L16: Mortar (40 kg/sak) | N16: =IFERROR(G62/40,0) | O16: sak | P16: 74000 | Q16: =IFERROR(P16*N16,0)
B17: x | C17: Lebar Bouven | D17: 0.2 | E17: m | F17: x1 | G17: Luasan pengurang 1 | H17: 0 | I17: m²
B18: y | C18: Tinggi Bouven | D18: 0.3 | E18: m | F18: x2 | G18: Luasan pengurang 2 | H18: 0 | I18: m² | K18: 0 | L18: Pasangan Bata Ringan Tebal 10 cm
C19: Jumlah Bouven | D19: 26 | E19: unit | F19: x3 | G19: Luasan pengurang 3 | H19: 0 | I19: m² | L19: =C72 | N19: =G72 | O19: buah | P19: 11000 | Q19: =IFERROR(P19*N19,0)
L20: Mortar (40 kg/sak) | N20: =IFERROR(G73/40,0) | O20: sak | P20: 74000 | Q20: =IFERROR(P20*N20,0)
F21: 7.2 | G21: Volume
G22: Volume pasangan dinding | K22: 0 | L22: Pasangan bata Ringan Tebal 20 cm
G23: Luas pasangan dinding | H23: =IFERROR((((D9+D10)*D11)-H25)+H24,0) | I23: m² | L23: =C83 | N23: =G83 | O23: buah | P23: 20000 | Q23: =IFERROR(P23*N23,0)
G24: Luas ampig/sopi-sopi | H24: =IFERROR((0.5*H9*H10)*H11,0) | I24: m² | L24: Mortar (40 kg/sak) | N24: =IFERROR(G84/40,0) | O24: sak | P24: 74000 | Q24: =IFERROR(P24*N24,0)
G25: Luas pengurang dinding | H25: =IFERROR(D13*D14*D15+H13*H14*H15+D17*D18*D19+H17+H18+H19,0) | I25: m² | N25: Jumlah Harga Bahan = | Q25: =IFERROR(Q15+Q16+Q19+Q20+Q23+Q24,0)
P26: TOTAL | Q26: =IFERROR(Q13+Q25,0)
Q27: Biaya Pekerjaan
C51: AHSP S.E. DIRJEN BHINA KONSTRUKSI NO. 30 TAHUN 2025
C53: Pemasangan 1 m2 dinding bata ringan tebal 7,5 cm dengan mortar siap pakai
C54: Uraian | D54: Koefisien | E54: Sat.
C55: TENAGA KERJA
C56: Pekerja | D56: 0.1677 | E56: OH | G56: =IFERROR((H23*D56)*K14,0) | H56: =IFERROR(G56+G67+G78,0)
C57: Tukang batu | D57: 0.0833 | E57: OH | G57: =IFERROR((H23*D57)*K14,0) | H57: =IFERROR(G57+G68+G79,0)
C58: Kepala tukang | D58: 0.0083 | E58: OH | G58: =IFERROR((H23*D58)*K14,0) | H58: =IFERROR(G58+G69+G80,0)
C59: Mandor | D59: 0.0028 | E59: OH | G59: =IFERROR((H23*D59)*K14,0) | H59: =IFERROR(G59+G70+G81,0)
C60: BAHAN
C61: Bata ringan tebal 7,5 cm | D61: 8.75 | E61: bh | G61: =IFERROR((H23*D61)*K14,0)
C62: Mortar siap pakai | D62: 2.571 | E62: kg | G62: =IFERROR((H23*D62)*K14,0)
C64: Pemasangan 1 m2 dinding bata ringan tebal 10 cm dengan mortar siap pakai
C65: Uraian | D65: Koefisien | E65: Sat.
C66: TENAGA KERJA
C67: Pekerja | D67: 0.1677 | E67: OH | G67: =IFERROR((H23*D67)*K18,0)
C68: Tukang batu | D68: 0.0833 | E68: OH | G68: =IFERROR((H23*D68)*K18,0)
C69: Kepala tukang | D69: 0.0083 | E69: OH | G69: =IFERROR((H23*D69)*K18,0)
C70: Mandor | D70: 0.0028 | E70: OH | G70: =IFERROR((H23*D70)*K18,0)
C71: BAHAN
C72: Bata ringan tebal 10 cm | D72: 8.75 | E72: bh | G72: =IFERROR((H23*D72)*K18,0)
C73: Mortar siap pakai | D73: 3.429 | E73: kg | G73: =IFERROR((H23*D73)*K18,0)
C75: Pemasangan 1 m2 dinding bata ringan tebal 20 cm dengan mortar siap pakai
C76: Uraian | D76: Koefisien | E76: Sat.
C77: TENAGA KERJA
C78: Pekerja | D78: 0.25 | E78: OH | G78: =IFERROR((H23*D78)*K22,0)
C79: Tukang batu | D79: 0.125 | E79: OH | G79: =IFERROR((H23*D79)*K22,0)
C80: Kepala tukang | D80: 0.0125 | E80: OH | G80: =IFERROR((H23*D80)*K22,0)
C81: Mandor | D81: 0.0042 | E81: OH | G81: =IFERROR((H23*D81)*K22,0)
C82: BAHAN
C83: Bata ringan tebal 20 cm | D83: 8.75 | E83: bh | G83: =IFERROR((H23*D83)*K22,0)
C84: Mortar siap pakai | D84: 6.857 | E84: kg | G84: =IFERROR((H23*D84)*K22,0)

Sheet Bata Merah
D3: AHSP S.E. BHINA KONSTRUKSI NO. 30 TAHUN 2025
B5: 8. | C5: PEKERJAAN DINDING BATA MERAH
B7: 8.1 | C7: Dimensi Utama | K7: 8.3 | L7: Result
C8: Ukuran dinding | G8: Ukuran ampig | L8: Uraian | N8: Volume | O8: Satuan | P8: Harga Satuan (Rp) | Q8: Jumlah Harga (Rp)
B9: Pi | C9: Panjang dinding interior | D9: 36 | E9: m | F9: T2 | G9: Tinggi ampig | H9: 2.3 | I9: m | K9: 1 | L9: Pekerja | N9: =H56 | O9: OH | P9: 100000 | Q9: =IFERROR((P9*N9)*K9,0)
B10: Pe | C10: Panjang dinding eksterior | D10: 39 | E10: m | F10: a2 | G10: Lebar alas | H10: 9 | I10: m | K10: 1 | L10: Tukang | N10: =H57 | O10: OH | P10: 145000 | Q10: =IFERROR((P10*N10)*K10,0)
B11: T | C11: Tinggi dinding | D11: 3.8 | E11: m | G11: Jumlah ampig | H11: 2 | I11: set | K11: 1 | L11: Kepala Tukang | N11: =H58 | O11: OH | P11: 175000 | Q11: =IFERROR((P11*N11)*K11,0)
C12: Ukuran kusen pintu | G12: Ukuran kusen jendela | K12: 1 | L12: Mandor | N12: =H59 | O12: OH | P12: 200000 | Q12: =IFERROR((P12*N12)*K12,0)
B13: a | C13: Tinggi kusen pintu | D13: 2.1 | E13: m | F13: m | G13: Tinggi kusen jendela | H13: 1.5 | I13: m | N13: Jumlah Harga Tenaga Kerja = | Q13: =SUM(Q9:Q12)
B14: b | C14: Lebar kusen pintu | D14: 0.9 | E14: m | F14: m1 | G14: Lebar kusen jendela | H14: 0.7 | I14: m | K14: 1 | L14: Pasangan Bata Merah Campuran 1SP : 3PP
C15: Jumlah pintu | D15: 6 | E15: unit | G15: Jumlah jendela | H15: 7 | I15: unit | L15: =C61 | N15: =G61 | O15: buah | P15: 700 | Q15: =IFERROR(P15*N15,0)
C16: Bouvenlight | G16: Lubang pengurang lainnya | L16: Semen portland (50 kg) | N16: =G62 | O16: sak | P16: 65000 | Q16: =IFERROR(P16*N16,0)
B17: x | C17: Lebar Bouven | D17: 0.2 | E17: m | F17: x1 | G17: Luasan pengurang 1 | H17: 0 | I17: m² | L17: Pasir pasang | N17: =G63 | O17: m³ | P17: 275000 | Q17: =IFERROR(P17*N17,0)
B18: y | C18: Tinggi Bouven | D18: 0.3 | E18: m | F18: x2 | G18: Luasan pengurang 2 | H18: 0 | I18: m² | K18: 0 | L18: Pasangan Bata Merah Campuran 1SP : 4PP
C19: Jumlah Bouven | D19: 26 | E19: unit | F19: x3 | G19: Luasan pengurang 3 | H19: 0 | I19: m² | L19: =C73 | N19: =G73 | O19: buah | P19: 700 | Q19: =IFERROR(P19*N19,0)
L20: Semen portland (50 kg) | N20: =G74 | O20: sak | P20: 65000 | Q20: =IFERROR(P20*N20,0)
F21: 8.2 | G21: Volume | L21: Pasir pasang | N21: =G75 | O21: m³ | P21: 275000 | Q21: =IFERROR(P21*N21,0)
G22: Volume pasangan dinding | K22: 0 | L22: Pasangan Bata Merah Campuran 1SP : 5PP
G23: Luas pasangan dinding | H23: =IFERROR((((D9+D10)*D11)-H25)+H24,0) | I23: m² | L23: =C85 | N23: =G85 | O23: buah | P23: 700 | Q23: =IFERROR(P23*N23,0)
G24: Luas ampig/sopi-sopi | H24: =IFERROR((0.5*H9*H10)*H11,0) | I24: m² | L24: Semen portland (50 kg) | N24: =IFERROR(G86/50,0) | O24: sak | P24: 65000 | Q24: =IFERROR(P24*N24,0)
G25: Luas pengurang dinding | H25: =IFERROR(D13*D14*D15+H13*H14*H15+D17*D18*D19+H17+H18+H19,0) | I25: m² | L25: Pasir pasang | N25: =G87 | O25: m³ | P25: 275000 | Q25: =IFERROR(P25*N25,0)
N26: Jumlah Harga Bahan = | Q26: =IFERROR(Q15+Q16+Q17+Q19+Q20+Q21+Q23+Q24+Q25,0)
P27: TOTAL | Q27: =IFERROR(Q13+Q26,0)
Q28: Biaya Pekerjaan
C51: AHSP S.E. DIRJEN BHINA KONSTRUKSI NO. 30 TAHUN 2025
C53: Pemasangan 1 m2 dinding bata merah tebal 1/2 batu dengan mortar tipe S,fc’ 12,5 MPa (Setara Campuran 1SP : 3PP)
C54: Uraian | D54: Koefisien | E54: Sat.
C55: TENAGA KERJA
C56: Pekerja | D56: 0.2 | E56: OH | G56: =IFERROR((H23*D56)*K14,0) | H56: =IFERROR(G56+G68+G80,0)
C57: Tukang batu | D57: 0.1 | E57: OH | G57: =IFERROR((H23*D57)*K14,0) | H57: =IFERROR(G57+G69+G81,0)
C58: Kepala tukang | D58: 0.01 | E58: OH | G58: =IFERROR((H23*D58)*K14,0) | H58: =IFERROR(G58+G70+G82,0)
C59: Mandor | D59: 0.0033 | E59: OH | G59: =IFERROR((H23*D59)*K14,0) | H59: =IFERROR(G59+G71+G83,0)
C60: BAHAN
C61: Bata merah | D61: 71.91 | E61: bh | G61: =IFERROR((H23*D61)*K14,0)
C62: Semen portland (pc) | D62: 14.37 | E62: kg | G62: =IFERROR(((H23*D62)/50)*K14,0)
C63: Pasir pasang (quarry - lokasi pekerjaan) | D63: 0.04 | E63: m3 | G63: =IFERROR((H23*D63)*K14,0)
C65: Pemasangan 1 m2 dinding bata merah tebal 1/2 batu dengan mortar tipe N,fc’ 5,2 MPa (Setara Campuran 1SP : 4PP)
C66: Uraian | D66: Koefisien | E66: Sat.
C67: TENAGA KERJA
C68: Pekerja | D68: 0.2 | E68: OH | G68: =IFERROR((H23*D68)*K18,0)
C69: Tukang batu | D69: 0.1 | E69: OH | G69: =IFERROR((H23*D69)*K18,0)
C70: Kepala tukang | D70: 0.01 | E70: OH | G70: =IFERROR((H23*D70)*K18,0)
C71: Mandor | D71: 0.0033 | E71: OH | G71: =IFERROR((H23*D71)*K18,0)
C72: BAHAN
C73: Bata merah | D73: 71.91 | E73: bh | G73: =IFERROR((H23*D73)*K18,0)
C74: Semen portland (pc) | D74: 11.5 | E74: kg | G74: =IFERROR(((H23*D74)/50)*K18,0)
C75: Pasir pasang (quarry - lokasi pekerjaan) | D75: 0.043 | E75: m3 | G75: =IFERROR((H23*D75)*K18,0)
C77: Pemasangan 1 m2 dinding bata merah tebal 1/2 batu dengan mortar tipe O,fc’ 2,4 MPa (Setara Campuran 1SP : 5PP)
C78: Uraian | D78: Koefisien | E78: Sat.
C79: TENAGA KERJA
C80: Pekerja | D80: 0.2 | E80: OH | G80: =IFERROR((H23*D80)*K22,0)
C81: Tukang batu | D81: 0.1 | E81: OH | G81: =IFERROR((H23*D81)*K22,0)
C82: Kepala tukang | D82: 0.01 | E82: OH | G82: =IFERROR((H23*D82)*K22,0)
C83: Mandor | D83: 0.0033 | E83: OH | G83: =IFERROR((H23*D83)*K22,0)
C84: BAHAN
C85: Bata merah | D85: 71.91 | E85: bh | G85: =IFERROR((H23*D85)*K22,0)
C86: Semen portland (pc) | D86: 9.68 | E86: kg | G86: =IFERROR((H23*D86)*K22,0)
C87: Pasir pasang (quarry - lokasi pekerjaan) | D87: 0.045 | E87: m3 | G87: =IFERROR((H23*D87)*K22,0)

Sheet Batako
D3: AHSP S.E. BHINA KONSTRUKSI NO. 30 TAHUN 2025
B5: 9. | C5: PEKERJAAN DINDING BATAKO
B7: 9.1 | C7: Dimensi Utama | K7: 9.3 | L7: Result
C8: Ukuran dinding | G8: Ukuran ampig | L8: Uraian | N8: Volume | O8: Satuan | P8: Harga Satuan (Rp) | Q8: Jumlah Harga (Rp)
B9: Pi | C9: Panjang dinding interior | D9: 36 | E9: m | F9: T2 | G9: Tinggi ampig | H9: 2.3 | I9: m | K9: 1 | L9: Pekerja | N9: =H56 | O9: OH | P9: 100000 | Q9: =IFERROR((P9*N9)*K9,0)
B10: Pe | C10: Panjang dinding eksterior | D10: 39 | E10: m | F10: a2 | G10: Lebar alas | H10: 9 | I10: m | K10: 1 | L10: Tukang | N10: =H57 | O10: OH | P10: 145000 | Q10: =IFERROR((P10*N10)*K10,0)
B11: T | C11: Tinggi dinding | D11: 3.8 | E11: m | G11: Jumlah ampig | H11: 2 | I11: set | K11: 1 | L11: Kepala Tukang | N11: =H58 | O11: OH | P11: 175000 | Q11: =IFERROR((P11*N11)*K11,0)
C12: Ukuran kusen pintu | G12: Ukuran kusen jendela | K12: 1 | L12: Mandor | N12: =H59 | O12: OH | P12: 200000 | Q12: =IFERROR((P12*N12)*K12,0)
B13: a | C13: Tinggi kusen pintu | D13: 2.1 | E13: m | F13: m | G13: Tinggi kusen jendela | H13: 1.5 | I13: m | N13: Jumlah Harga Tenaga Kerja = | Q13: =SUM(Q9:Q12)
B14: b | C14: Lebar kusen pintu | D14: 0.9 | E14: m | F14: m1 | G14: Lebar kusen jendela | H14: 0.7 | I14: m | K14: 1 | L14: Pasangan Dinding Batako Campuran 1SP : 3PP
C15: Jumlah pintu | D15: 6 | E15: unit | G15: Jumlah jendela | H15: 7 | I15: unit | L15: =C61 | N15: =G61 | O15: buah | P15: 3000 | Q15: =IFERROR(P15*N15,0)
C16: Bouvenlight | G16: Lubang pengurang lainnya | L16: Semen portland (50 kg) | N16: =G62/50 | O16: sak | P16: 65000 | Q16: =IFERROR(P16*N16,0)
B17: x | C17: Lebar Bouven | D17: 0.2 | E17: m | F17: x1 | G17: Luasan pengurang 1 | H17: 0 | I17: m² | L17: Pasir pasang | N17: =G63 | O17: m³ | P17: 275000 | Q17: =IFERROR(P17*N17,0)
B18: y | C18: Tinggi Bouven | D18: 0.3 | E18: m | F18: x2 | G18: Luasan pengurang 2 | H18: 0 | I18: m² | L18: =C64 | N18: =G64/4.74 | O18: batang | P18: 47500 | Q18: =IFERROR(P18*N18,0)
C19: Jumlah Bouven | D19: 26 | E19: unit | F19: x3 | G19: Luasan pengurang 3 | H19: 0 | I19: m²
K20: 0 | L20: Pasangan Dinding Batako Campuran 1SP : 4PP
F21: 9.2 | G21: Volume | L21: =C74 | N21: =G74 | O21: buah | P21: 3000 | Q21: =IFERROR(P21*N21,0)
G22: Volume pasangan dinding | L22: Semen portland (50 kg) | N22: =G75 | O22: sak | P22: 65000 | Q22: =IFERROR(P22*N22,0)
G23: Luas pasangan dinding | H23: =IFERROR((((D9+D10)*D11)-H25)+H24,0) | I23: m² | L23: Pasir pasang | N23: =G76 | O23: m³ | P23: 275000 | Q23: =IFERROR(P23*N23,0)
G24: Luas ampig/sopi-sopi | H24: =IFERROR((0.5*H9*H10)*H11,0) | I24: m² | L24: =C77 | N24: =G77/4.74 | O24: batang | P24: 47500 | Q24: =IFERROR(P24*N24,0)
G25: Luas pengurang dinding | H25: =IFERROR(D13*D14*D15+H13*H14*H15+D17*D18*D19+H17+H18+H19,0) | I25: m² | N25: Jumlah Harga Bahan = | Q25: =IFERROR(Q15+Q16+Q17+Q18+Q21+Q22+Q23+Q24,0)
P26: TOTAL | Q26: =IFERROR(Q13+Q25,0)
Q27: Biaya Pekerjaan
C51: AHSP S.E. DIRJEN BHINA KONSTRUKSI NO. 30 TAHUN 2025
C53: Pemasangan 1 m2 dinding batako dengan mortar tipe S,fc’ 12,5 MPa (Setara Campuran 1SP : 3PP)
C54: Uraian | D54: Koefisien | E54: Sat.
C55: TENAGA KERJA
C56: Pekerja | D56: 0.1818 | E56: OH | G56: =IFERROR((H23*D56)*K14,0) | H56: =IFERROR(G56+G69,0)
C57: Tukang batu | D57: 0.0909 | E57: OH | G57: =IFERROR((H23*D57)*K14,0) | H57: =IFERROR(G57+G70,0)
C58: Kepala tukang | D58: 0.0091 | E58: OH | G58: =IFERROR((H23*D58)*K14,0) | H58: =IFERROR(G58+G71,0)
C59: Mandor | D59: 0.003 | E59: OH | G59: =IFERROR((H23*D59)*K14,0) | H59: =IFERROR(G59+G72,0)
C60: BAHAN
C61: Batako 20x40x10 cm | D61: 14 | E61: bh | G61: =IFERROR((H23*D61)*K14,0)
C62: Semen portland (pc) | D62: 30.95 | E62: kg | G62: =IFERROR((H23*D62)*K14,0)
C63: Pasir pasang (quarry - lokasi pekerjaan) | D63: 0.0091 | E63: m3 | G63: =IFERROR((H23*D63)*K14,0)
C64: Besi angkur diameter 8 | D64: 0.28 | E64: kg | G64: =IFERROR((H23*D64)*K14,0)
C66: Pemasangan 1 m2 dinding batako dengan mortar tipe N,fc’ 5,2 MPa (Setara Campuran 1SP : 4PP)
C67: Uraian | D67: Koefisien | E67: Sat.
C68: TENAGA KERJA
C69: Pekerja | D69: 0.1667 | E69: OH | G69: =IFERROR((H23*D69)*K20,0)
C70: Tukang batu | D70: 0.0833 | E70: OH | G70: =IFERROR((H23*D70)*K20,0)
C71: Kepala tukang | D71: 0.0083 | E71: OH | G71: =IFERROR((H23*D71)*K20,0)
C72: Mandor | D72: 0.0028 | E72: OH | G72: =IFERROR((H23*D72)*K20,0)
C73: BAHAN
C74: Batako 20x40x10 cm | D74: 14 | E74: bh | G74: =IFERROR((H23*D74)*K20,0)
C75: Semen portland (pc) | D75: 24.26 | E75: kg | G75: =IFERROR(((H23*D75)/50)*K20,0)
C76: Pasir pasang (quarry - lokasi pekerjaan) | D76: 0.0072 | E76: m3 | G76: =IFERROR((H23*D76)*K20,0)
C77: Besi angkur diameter 8 | D77: 0.28 | E77: kg | G77: =IFERROR((H23*D77)*K20,0)

Sheet Pintu & Jendela
D3: AHSP S.E. BHINA KONSTRUKSI NO. 30 TAHUN 2025
B5: 10. | C5: PEKERJAAN KUSEN PINTU & JENDELA KAYU
B7: 10.1 | C7: Dimensi Utama | K7: 10.3 | L7: Result
C8: Kusen pintu single | G8: Kusen pintu double | L8: Uraian | N8: Volume | O8: Satuan | P8: Harga Satuan (Rp) | Q8: Jumlah Harga (Rp)
B9: L | C9: Lebar kusen pintu | D9: 0.9 | E9: m | F9: L | G9: Lebar kusen pintu | H9: 1.2 | I9: m | K9: 1 | L9: Pekerja | N9: =H56 | O9: OH | P9: 100000 | Q9: =IFERROR((P9*N9)*K9,0)
B10: T | C10: Tinggi kusen pintu | D10: 2.05 | E10: m | F10: T | G10: Tinggi kusen pintu | H10: 2.05 | I10: m | K10: 1 | L10: Tukang | N10: =H57 | O10: OH | P10: 145000 | Q10: =IFERROR((P10*N10)*K10,0)
C11: Jumlah pintu single | D11: 1 | E11: unit | G11: Jumlah pintu double | H11: 1 | I11: unit | K11: 1 | L11: Kepala Tukang | N11: =H58 | O11: OH | P11: 175000 | Q11: =IFERROR((P11*N11)*K11,0)
C12: Kusen jendela single | G12: Kusen jendela double | K12: 1 | L12: Mandor | N12: =H59 | O12: OH | P12: 200000 | Q12: =IFERROR((P12*N12)*K12,0)
B13: L | C13: Lebar kusen jendela | D13: 0.7 | E13: m | F13: L | G13: Lebar kusen jendela | H13: 1.15 | I13: m | N13: Jumlah Harga Tenaga Kerja = | Q13: =SUM(Q9:Q12)
B14: T | C14: Tinggi kusen jendela | D14: 1.4 | E14: m | F14: T | G14: Tinggi kusen jendela | H14: 1.4 | I14: m | K14: 0 | L14: Kusen Pintu & Jendela Kayu Kelas 1, uk. 6x12 cm
C15: Jumlah jendela single | D15: 1 | E15: unit | G15: Jumlah jendela double | H15: 1 | I15: unit | L15: =C61 | N15: =G61 | O15: m³ | P15: 25000000 | Q15: =IFERROR(P15*N15,0)
C16: Daun pintu single | G16: Daun pintu double | L16: =C62 | N16: =G62 | O16: kg | P16: 25000 | Q16: =IFERROR(P16*N16,0)
B17: L | C17: Lebar daun pintu | D17: 0.8 | E17: m | F17: L | G17: Lebar daun pintu | H17: 1.1 | I17: m | L17: =C63 | N17: =G63 | O17: kg | P17: 16400 | Q17: =IFERROR(P17*N17,0)
B18: T | C18: Tinggi daun pintu | D18: 2 | E18: m | F18: T | G18: Tinggi daun pintu | H18: 2 | I18: m | K18: 1 | L18: Kusen Pintu & Jendela Kayu Kelas 1, uk. 6x15 cm
C19: Jumlah pintu single | D19: 1 | E19: unit | G19: Jumlah pintu double | H19: 1 | I19: unit | L19: =C73 | N19: =G73 | O19: m³ | P19: 25000000 | Q19: =IFERROR(P19*N19,0)
L20: =C74 | N20: =G74 | O20: kg | P20: 25000 | Q20: =IFERROR(P20*N20,0)
F21: 10.2 | G21: Volume | L21: =C75 | N21: =G75 | O21: kg | P21: 16400 | Q21: =IFERROR(P21*N21,0)
G22: Volume pekerjaan | K22: 0 | L22: Kusen Pintu & Jendela Aluminium
G23: Panjang kusen pintu | H23: =IFERROR(((((D10*2)+D9)*D11)+(H10*2)+H9)*H11,0) | I23: m¹ | L23: =C85 | N23: =G85 | O23: =E85 | P23: 130000 | Q23: =IFERROR(P23*N23,0)
G24: Panjang kusen jendela | H24: =Q38+Q39 | I24: m¹ | L24: =C86 | N24: =G86 | O24: buah | P24: 1600 | Q24: =IFERROR(P24*N24,0)
G25: Luas daun panel pintu | H25: =IFERROR((D17*D18*D19)+H17*H18*H19,) | I25: m² | L25: =C87 | N25: =G87 | O25: tube | P25: 33100 | Q25: =IFERROR(P25*N25,0)
G26: Total panjang kusen | H26: =IFERROR(H23+H24,0) | I26: m¹ | K26: 1 | L26: Daun Panel Pintu Kayu Kelas 1
L27: =C97 | N27: =G97 | O27: m³ | P27: 11950000 | Q27: =IFERROR(P27*N27,0)
L28: =C98 | N28: =G98 | O28: kg | P28: 16400 | Q28: =IFERROR(P28*N28,0)
N29: Jumlah Harga Bahan = | Q29: =IFERROR(Q15+Q16+Q17+Q19+Q20+Q21+Q23+Q24+Q25+Q27+Q28,0)
P30: TOTAL | Q30: =IFERROR(Q13+Q29,0)
Q31: Biaya Pekerjaan
Q38: =IFERROR(((H14*3)+H13+H13)*H15,0)
Q39: =IFERROR(((D14*2)+D13+D13)*D15,0)
C52: AHSP S.E. DIRJEN BHINA KONSTRUKSI NO. 30 TAHUN 2025
C53: Pembuatan dan pemasangan 1 m’ kusen pintu dan kusen jendela, kayu kelas I uk. 6x12 cm
C54: Uraian | D54: Koefisien | E54: Sat.
C55: TENAGA KERJA
C56: Pekerja | D56: 0.2857 | E56: OH | G56: =IFERROR((H26*D56)*K14,0) | H56: =IFERROR(G56+G68+G80+G92,0)
C57: Tukang kayu | D57: 0.1429 | E57: OH | G57: =IFERROR((H26*D57)*K14,0) | H57: =IFERROR(G57+G69+G81+G93,0)
C58: Kepala tukang | D58: 0.0143 | E58: OH | G58: =IFERROR((H26*D58)*K14,0) | H58: =IFERROR(G58+G70+G82+G94,0)
C59: Mandor | D59: 0.0048 | E59: OH | G59: =IFERROR((H26*D59)*K14,0) | H59: =IFERROR(G59+G71+G83+G95,0)
C60: BAHAN
C61: Kayu balok 6/12 kelas I | D61: 0.0086 | E61: m3 | G61: =IFERROR((H26*D61)*K14,0)
C62: Paku 10 cm | D62: 0.1276 | E62: kg | G62: =IFERROR((H26*D62)*K14,0)
C63: Lem Kayu | D63: 1 | E63: kg | G63: =IFERROR((H26*D63)*K14,0)
C65: Pembuatan dan pemasangan 1 m’ kusen pintu dan kusen jendela, kayu kelas I uk. 6x15 cm
C66: Uraian | D66: Koefisien | E66: Sat.
C67: TENAGA KERJA
C68: Pekerja | D68: 0.2857 | E68: OH | G68: =IFERROR((H26*D68)*K18,0)
C69: Tukang kayu | D69: 0.1429 | E69: OH | G69: =IFERROR((H26*D69)*K18,0)
C70: Kepala tukang | D70: 0.0143 | E70: OH | G70: =IFERROR((H26*D70)*K18,0)
C71: Mandor | D71: 0.0048 | E71: OH | G71: =IFERROR((H26*D71)*K18,0)
C72: BAHAN
C73: Kayu balok 6/15 kelas I | D73: 0.0108 | E73: m3 | G73: =IFERROR((H26*D73)*K18,0)
C74: Paku 10 cm | D74: 0.1276 | E74: kg | G74: =IFERROR((H26*D74)*K18,0)
C75: Lem Kayu | D75: 1 | E75: kg | G75: =IFERROR((H26*D75)*K18,0)
C77: Pemasangan 1 m' kusen aluminium
C78: Uraian | D78: Koefisien | E78: Sat.
C79: TENAGA KERJA
C80: Pekerja | D80: 0.043 | E80: OH | G80: =IFERROR((H26*D80)*K22,0)
C81: Tukang | D81: 0.043 | E81: OH | G81: =IFERROR((H26*D81)*K22,0)
C82: Kepala tukang | D82: 0.004 | E82: OH | G82: =IFERROR((H26*D82)*K22,0)
C83: Mandor | D83: 0.001 | E83: OH | G83: =IFERROR((H26*D83)*K22,0)
C84: BAHAN
C85: Profil aluminium | D85: 1.1 | E85: m¹ | G85: =IFERROR((H26*D85)*K22,0)
C86: Skrup fixer | D86: 2 | E86: bh | G86: =IFERROR((H26*D86)*K22,0)
C87: Sealant | D87: 0.06 | E87: tube | G87: =IFERROR((H26*D87)*K22,0)
C89: Pembuatan 1 m2 daun pintu panel, kayu kelas I atau II
C90: Uraian | D90: Koefisien | E90: Sat.
C91: TENAGA KERJA
C92: Pekerja | D92: 1 | E92: OH | G92: =IFERROR((H25*D92)*K26,0)
C93: Tukang kayu | D93: 3 | E93: OH | G93: =IFERROR((H25*D93)*K26,0)
C94: Kepala tukang | D94: 0.3 | E94: OH | G94: =IFERROR((H25*D94)*K26,0)
C95: Mandor | D95: 0.1 | E95: OH | G95: =IFERROR((H25*D95)*K26,0)
C96: BAHAN
C97: Kayu papan kelas II | D97: 0.04 | E97: m3 | G97: =IFERROR((H25*D97)*K26,0)
C98: Lem Kayu | D98: 0.5 | E98: kg | G98: =IFERROR((H25*D98)*K26,0)

Sheet Atap Baja Ringan
D3: AHSP S.E. BHINA KONSTRUKSI NO. 30 TAHUN 2025
B5: 11. | C5: PEKERJAAN ATAP PELANA BAJA RINGAN
U6: =I9+I10
B7: 11.1 | C7: Dimensi Utama | F7: 11.2 | G7: Volume | L7: 11.3 | M7: Result | U7: =D13+D9+D13
B8: L | C8: Lebar bangunan | D8: 8.2 | E8: m | F8: S | G8: Kemiringan atap | I8: =IFERROR(ATAN(D10/(0.5*D8))*180/PI(),0) | J8: ° | M8: Uraian | O8: Volume | P8: Satuan | Q8: Harga Satuan (Rp.) | R8: Jumlah Harga (Rp) | U8: =I9+I10
B9: P | C9: Panjang bangunan | D9: 12 | E9: m | F9: D | G9: Panjang sisi miring | I9: =(D8/2)/COS(RADIANS(I8)) | J9: m | L9: 1 | M9: Pekerja | O9: =I56 | P9: OH | Q9: 100000 | R9: =IFERROR((Q9*O9)*L9,0) | U9: 2
B10: V1 | C10: Tinggi kuda-kuda | D10: 2.367 | E10: m | F10: D1 | G10: Panjang miring overstek | I10: =IFERROR((D12)/COS(RADIANS(I8)),0) | J10: m | L10: 1 | M10: Tukang | O10: =I57 | P10: OH | Q10: 145000 | R10: =IFERROR((Q10*O10)*L10,0)
L11: 1 | M11: Kepala Tukang | O11: =I58 | P11: OH | Q11: 175000 | R11: =IFERROR((Q11*O11)*L11,0)
B12: OV | C12: Overstek lebar | D12: 1 | E12: m | G12: Jumlah reng | I12: =IFERROR(ROUNDUP(((I9+I10)/D15)+1,0)*2,0) | J12: unit | L12: 1 | M12: Mandor | O12: =I59 | P12: OH | Q12: 200000 | R12: =IFERROR((Q12*O12)*L12,0)
B13: OV1 | C13: Overstek panjang | D13: 1 | E13: m | G13: Jumlah H | I13: =IFERROR(O54,0) | J13: unit | O13: Jumlah Harga Tenaga Kerja = | R13: =SUM(R9:R12)
B14: H | C14: Jarak H1, H2, dst… | D14: 1 | E14: m | G14: Jarak H? | I14: =IFERROR((N54-O54)*D14,0) | J14: m | M14: BAHAN
C15: Jarak antar reng | D15: 0.3 | E15: m | G15: Jumlah H? | I15: =IF(I14>0,1,0) | J15: unit | M15: Baja Ringan C75 x 0,75 | O15: =IFERROR(Z93*I19,0) | P15: btg | Q15: 73000 | R15: =Q15*O15
C16: Jarak kuda-kuda | D16: 1.2 | E16: m | G16: Panjang Listplank | I16: =IFERROR((U6+U7+U8)*U9,0) | J16: m¹ | M16: Baut (Screw driver) | O16: =IFERROR((Z94*I19)+I62,0) | P16: bh | Q16: 200 | R16: =Q16*O16
C17: Lebar atap metal/lembar | D17: 0.64 | E17: m² | M17: Dynabolt | O17: =IFERROR(Z95*I19,0) | P17: bh | Q17: 500 | R17: =Q17*O17
G18: Total Volume Atap | I18: =IFERROR(((I9+I10)*(D9+D13+D13))*2,0) | J18: m² | M18: Reng Baja Ringan | O18: =IFERROR(I21/6,0) | P18: btg | Q18: 32000 | R18: =Q18*O18
G19: Jumlah Kuda-kuda | I19: =IFERROR(ROUNDUP(D9/D16+1,0),0) | J19: unit | M19: Atap Metal Lembaran | O19: =IFERROR((I18*D82)/D17,0) | P19: lembar | Q19: 54000 | R19: =Q19*O19
G20: Panjang Profil C75 | I20: =IFERROR(Z92*I19,0) | J20: m¹ | M20: Paku 1 Inch | O20: =IFERROR(I18*D83,0) | P20: kg | Q20: 15000 | R20: =Q20*O20
G21: Panjang Profil Reng | I21: =I12*(D9+D13+D13) | J21: m¹ | M21: Nok Genteng Metal | O21: =IFERROR((D9+D13+D13)*D84,0) | P21: bh | Q21: 25600 | R21: =Q21*O21
M22: Paku Sekrup | O22: =IFERROR((D9+D13+D13)*D85,0) | P22: kg | Q22: 30000 | R22: =Q22*O22
L23: 1 | M23: Lisplank GRC (L. 30 cm) | O23: =IFERROR(I16*D86,0) | P23: m' | Q23: 23000 | R23: =(Q23*O23)*L23
L24: 0 | M24: Lisplank GRC (L. 20 cm) | O24: =IFERROR(I16*D87,0) | P24: m' | Q24: 21000 | R24: =(Q24*O24)*L24
M25: Paku 2 Inch | O25: =IFERROR(I16*D88,0) | P25: kg | Q25: 18000 | R25: =Q25*O25
O26: Jumlah Harga Bahan = | R26: =SUM(R15:R25)
Q27: TOTAL | R27: =IFERROR(R13+R26,0)
R28: Biaya Pekerjaan
B32: Panduan Gambar:
C53: AHSP S.E. DIRJEN BHINA KONSTRUKSI NO. 30 TAHUN 2025 | N53: ANALISA VOLUME 1 SET KUDA-KUDA BAJA RINGAN
C54: Uraian | D54: Koefisien | E54: Sat. | H54: Jumlah | N54: =IFERROR((D8/D14)/2,0) | O54: =ROUNDDOWN(N54,0)
C55: Pemasangan 1 m Kaso Baja Ringan C75 | N55: Jumlah Batang H | P55: 1 | Q55: unit | U55: Analisa Panjang Dc | X55: =IFERROR(((D8/2)/(D14*2)),0) | Y55: =IFERROR(ROUNDDOWN((D8/2)/(D14*2),0),0)
C56: Pekerja | D56: 0.0476 | E56: OH | H56: =IFERROR(I20*D56,0) | I56: =H56+H61+H66+H71+H76 | N56: Jumlah Batang Da | P56: =IFERROR(R56*T56,0) | Q56: unit | R56: =ROUNDDOWN((I13+I15)/2,0) | S56: 2 | T56: 2 | U56: Dc | V56: =(((D14*2)^2)+((O77-O79)^2))^0.5 | W56: m | X56: Jumlah Dc + Overstek | Z56: =IF(X55-Y55>=0.5,Y55+0.5,IF(X55-Y55<0.5,Y55,X55)) | AA56: m | AB56: = | AC56: =(V56*Z56)+D12 | AD56: m
C57: Tukang | D57: 0.0238 | E57: OH | H57: =IFERROR(I20*D57,0) | I57: =H57+H62+H67+H72+H77 | N57: Jumlah Batang Db | P57: =IFERROR(R57*T57,0) | Q57: unit | R57: =ROUNDUP(((I13+I15)/2)-1,0) | T57: 2 | U57: Dc1 | V57: =I14/COS(RADIANS(I8)) | W57: m | Y57: Jumlah Dc1 | Z57: =IF(D8/2=Z56,0,1) | AA57: m | AB57: = | AC57: =Z57*V57 | AD57: m
C58: Kepala Tukang | D58: 0.0024 | E58: OH | H58: =IFERROR(I20*D58,0) | I58: =H58+H63+H68+H73+H78 | N58: Jumlah Batang Dc | P58: 2 | Q58: unit | Y58: Panjang Batang Dc | AC58: =SUM(AC56:AC57)*2 | AD58: m
C59: Mandor | D59: 0.0008 | E59: OH | H59: =IFERROR(I20*D59,0) | I59: =H59+H64+H69+H74+H79 | N59: Overstek | P59: 2 | Q59: unit
C60: RENG BAJA RINGAN (1M¹) | U60: Analisa Panjang Bracket Kuda-kuda
C61: Pekerja | D61: 0.0111 | E61: OH | H61: =IFERROR(I21*D61,0) | I61: Baut Reng | N61: Analisa Panjang Batang H | U61: Jumlah Dudukan | W61: 4 | X61: unit
C62: Tukang | D62: 0.0111 | E62: OH | H62: =IFERROR(I21*D62,0) | I62: =2*I19*I12 | N62: H | Q62: H | U62: Panjang Bracket | W62: 0.2 | X62: m
C63: Kepala Tukang | D63: 0.0011 | E63: OH | H63: =IFERROR(I21*D63,0) | N63: 1 | O63: =IF($I$13>=N63,$D$14,IF($I$13+$I$15>=N63,$I$14,0)) | P63: m | Q63: 10 | R63: =IF($I$13>=Q63,$D$14,IF($I$13+$I$15>=Q63,$I$14,0)) | S63: m | W63: =W62*W61 | X63: m
C64: Mandor | D64: 0.0004 | E64: OH | H64: =IFERROR(I21*D64,0) | N64: 2 | O64: =IF($I$13>=N64,$D$14,IF($I$13+$I$15>=N64,$I$14,0)) | P64: m | Q64: 11 | R64: =IF($I$13>=Q64,$D$14,IF($I$13+$I$15>=Q64,$I$14,0)) | S64: m
C65: Pemasangan 1 m2 atap metal lembaran | N65: 3 | O65: =IF($I$13>=N65,$D$14,IF($I$13+$I$15>=N65,$I$14,0)) | P65: m | Q65: 12 | R65: =IF($I$13>=Q65,$D$14,IF($I$13+$I$15>=Q65,$I$14,0)) | S65: m | U65: Analisa Panjang Overstek Sambungan
C66: Pekerja | D66: 0.1333 | E66: OH | H66: =IFERROR(I18*D66,0) | N66: 4 | O66: =IF($I$13>=N66,$D$14,IF($I$13+$I$15>=N66,$I$14,0)) | P66: m | Q66: 13 | R66: =IF($I$13>=Q66,$D$14,IF($I$13+$I$15>=Q66,$I$14,0)) | S66: m | U66: Sambungan H | W66: 1 | X66: x | Y66: 0.5 | Z66: = | AA66: =Y66*W66 | AB66: m
C67: Tukang | D67: 0.0667 | E67: OH | H67: =IFERROR(I18*D67,0) | N67: 5 | O67: =IF($I$13>=N67,$D$14,IF($I$13+$I$15>=N67,$I$14,0)) | P67: m | Q67: 14 | R67: =IF($I$13>=Q67,$D$14,IF($I$13+$I$15>=Q67,$I$14,0)) | S67: m | U67: Sambungan Da | W67: =P56*2 | X67: x | Y67: 0.1 | Z67: = | AA67: =Y67*W67 | AB67: m
C68: Kepala Tukang | D68: 0.0067 | E68: OH | H68: =IFERROR(I18*D68,0) | N68: 6 | O68: =IF($I$13>=N68,$D$14,IF($I$13+$I$15>=N68,$I$14,0)) | P68: m | Q68: 15 | R68: =IF($I$13>=Q68,$D$14,IF($I$13+$I$15>=Q68,$I$14,0)) | S68: m | U68: Sambungan Db | W68: =P57*2 | X68: x | Y68: 0.1 | Z68: = | AA68: =Y68*W68 | AB68: m
C69: Mandor | D69: 0.0022 | E69: OH | H69: =IFERROR(I18*D69,0) | N69: 7 | O69: =IF($I$13>=N69,$D$14,IF($I$13+$I$15>=N69,$I$14,0)) | P69: m | Q69: 16 | R69: =IF($I$13>=Q69,$D$14,IF($I$13+$I$15>=Q69,$I$14,0)) | S69: m | U69: Sambungan Dc | W69: =IF(AC56+AC57>6,(ROUNDUP(AC56/6,0)+1)*2,2*2) | X69: x | Y69: 0.1 | Z69: = | AA69: =Y69*W69 | AB69: m
C70: NOK/BUBUNG GENTENG METAL (1M¹) | N70: 8 | O70: =IF($I$13>=N70,$D$14,IF($I$13+$I$15>=N70,$I$14,0)) | P70: m | Q70: 17 | R70: =IF($I$13>=Q70,$D$14,IF($I$13+$I$15>=Q70,$I$14,0)) | S70: m | W70: Panjang Overstek Sambungan | AA70: =SUM(AA66:AA69) | AB70: m
C71: Pekerja | D71: 0.25 | E71: OH | H71: =IFERROR(D9+D13+D13,0)*D71 | N71: 9 | O71: =IF($I$13>=N71,$D$14,IF($I$13+$I$15>=N71,$I$14,0)) | P71: m | Q71: 18 | R71: =IF($I$13>=Q71,$D$14,IF($I$13+$I$15>=Q71,$I$14,0)) | S71: m
C72: Tukang | D72: 0.15 | E72: OH | H72: =IFERROR(D9+D13+D13,0)*D72 | Q72: Panjang Batang H | R72: =(O63+O64+O65+O66+O67+O68+O69+O70+O71+R63+R64+R65+R66+R67+R68+R69+R70+R71)*2 | S72: m
C73: Kepala Tukang | D73: 0.015 | E73: OH | H73: =IFERROR(D9+D13+D13,0)*D73 | Q73: Cek Panjang H | R73: =IF(T73=U73,"OK","SALAH") | T73: =O63+O64+O65+O66+O67+O68+O69+O70+O71+R63+R64+R65+R66+R67+R68+R69+R70+R71 | U73: =D8/2
C74: Mandor | D74: 0.005 | E74: OH | H74: =IFERROR(D9+D13+D13,0)*D74
C75: LISPLANK NON KAYU (GRC) | N75: Analisa Panjang V | U75: Analisa Jumlah Baut (Screw driver) & Dynabolt Dlm 1 Set Kuda-kuda
C76: Pekerja | D76: 0.1 | E76: OH | H76: =IFERROR(I16*D76,0) | N76: V | Q76: V | U76: Jumlah Baut Batang H | X76: =IF(R72>6,ROUNDDOWN(R72/6,0),0) | Y76: x | Z76: 3 | AA76: = | AB76: =Z76*X76 | AC76: bh
C77: Tukang | D77: 0.2 | E77: OH | H77: =IFERROR(I16*D77,0) | N77: 1 | O77: =IF($I$13+$I$15-N77<0,0,((($I$13+1-N77)*$D$14)+$I$14)*TAN(RADIANS($I$8))) | P77: m | Q77: 10 | R77: =IF($I$13+$I$15-Q77<0,0,((($I$13+1-Q77)*$D$14)+$I$14)*TAN(RADIANS($I$8))) | S77: m | U77: Jumlah Baut Batang Da | X77: =P56*2 | Y77: x | Z77: 3 | AA77: = | AB77: =Z77*X77 | AC77: bh
C78: Kepala Tukang | D78: 0.02 | E78: OH | H78: =IFERROR(I16*D78,0) | N78: 2 | O78: =IF($I$13+$I$15-N78<0,0,((($I$13+1-N78)*$D$14)+$I$14)*TAN(RADIANS($I$8))) | P78: m | Q78: 11 | R78: =IF($I$13+$I$15-Q78<0,0,((($I$13+1-Q78)*$D$14)+$I$14)*TAN(RADIANS($I$8))) | S78: m | U78: Jumlah Baut Batang Db | X78: =P57*2 | Y78: x | Z78: 3 | AA78: = | AB78: =Z78*X78 | AC78: bh
C79: Mandor | D79: 0.0067 | E79: OH | H79: =IFERROR(I16*D79,0) | N79: 3 | O79: =IF($I$13+$I$15-N79<0,0,((($I$13+1-N79)*$D$14)+$I$14)*TAN(RADIANS($I$8))) | P79: m | Q79: 12 | R79: =IF($I$13+$I$15-Q79<0,0,((($I$13+1-Q79)*$D$14)+$I$14)*TAN(RADIANS($I$8))) | S79: m | U79: Jumlah Baut Batang Dc | X79: =IF(AC56+AC57>6,(ROUNDUP(AC56/6,0)+1)*2,2*2) | Y79: x | Z79: 3 | AA79: = | AB79: =Z79*X79 | AC79: bh
N80: 4 | O80: =IF($I$13+$I$15-N80<0,0,((($I$13+1-N80)*$D$14)+$I$14)*TAN(RADIANS($I$8))) | P80: m | Q80: 13 | R80: =IF($I$13+$I$15-Q80<0,0,((($I$13+1-Q80)*$D$14)+$I$14)*TAN(RADIANS($I$8))) | S80: m | U80: Jumlah Baut Bracket | X80: =W61 | Y80: x | Z80: 3 | AA80: = | AB80: =Z80*X80 | AC80: bh
C81: BAHAN | N81: 5 | O81: =IF($I$13+$I$15-N81<0,0,((($I$13+1-N81)*$D$14)+$I$14)*TAN(RADIANS($I$8))) | P81: m | Q81: 14 | R81: =IF($I$13+$I$15-Q81<0,0,((($I$13+1-Q81)*$D$14)+$I$14)*TAN(RADIANS($I$8))) | S81: m | W81: Jumlah Baut (Screw driver) | AB81: =SUM(AB76:AB80) | AC81: bh
C82: Atap metal lembaran | D82: 1.3 | E82: m² | N82: 6 | O82: =IF($I$13+$I$15-N82<0,0,((($I$13+1-N82)*$D$14)+$I$14)*TAN(RADIANS($I$8))) | P82: m | Q82: 15 | R82: =IF($I$13+$I$15-Q82<0,0,((($I$13+1-Q82)*$D$14)+$I$14)*TAN(RADIANS($I$8))) | S82: m | U82: Jumlah Dynabolt | X82: =X80 | Y82: x | Z82: 1 | AA82: = | AB82: =Z82*X82 | AC82: bh
C83: Paku 1 inch | D83: 0.05 | E83: kg | N83: 7 | O83: =IF($I$13+$I$15-N83<0,0,((($I$13+1-N83)*$D$14)+$I$14)*TAN(RADIANS($I$8))) | P83: m | Q83: 16 | R83: =IF($I$13+$I$15-Q83<0,0,((($I$13+1-Q83)*$D$14)+$I$14)*TAN(RADIANS($I$8))) | S83: m
C84: Nok genteng metal | D84: 1.1 | E84: bh | N84: 8 | O84: =IF($I$13+$I$15-N84<0,0,((($I$13+1-N84)*$D$14)+$I$14)*TAN(RADIANS($I$8))) | P84: m | Q84: 17 | R84: =IF($I$13+$I$15-Q84<0,0,((($I$13+1-Q84)*$D$14)+$I$14)*TAN(RADIANS($I$8))) | S84: m | U84: RESULT:
C85: Paku sekrup | D85: 0.05 | E85: kg | N85: 9 | O85: =IF($I$13+$I$15-N85<0,0,((($I$13+1-N85)*$D$14)+$I$14)*TAN(RADIANS($I$8))) | P85: m | Q85: 18 | R85: =IF($I$13+$I$15-Q85<0,0,((($I$13+1-Q85)*$D$14)+$I$14)*TAN(RADIANS($I$8))) | S85: m | U85: Material Dalam 1 Set Kuda-kuda Baja Ringan
C86: Listplank GRC lebar 30 cm | D86: 1.05 | E86: m¹ | U86: Panjang Batang H | Z86: =R72 | AA86: m
C87: Listplank GRC lebar 20 cm | D87: 1.05 | E87: m¹ | N87: Analisa Panjang Da | Q87: Analisa Panjang Db | U87: Panjang Batang Da | Z87: =O98 | AA87: m
C88: Paku 2 inch | D88: 0.05 | E88: kg | N88: Da | Q88: Db | U88: Panjang Batang Db | Z88: =R99 | AA88: m
N89: 1 | O89: =IF($R$56-N89<0,0,(((O63^2)+(O77^2))^0.5)) | P89: m | Q89: 1 | R89: =IF($R$57-Q89<0,0,(((O64^2)+(O79^2))^0.5)) | S89: m | U89: Panjang Batang Dc | Z89: =AC58 | AA89: m
N90: 2 | O90: =IF($R$56-N90<0,0,(((O65^2)+(O79^2))^0.5)) | P90: m | Q90: 2 | R90: =IF($R$57-Q90<0,0,(((O66^2)+(O81^2))^0.5)) | S90: m | U90: Panjang Bracket | Z90: =W63 | AA90: m
N91: 3 | O91: =IF($R$56-N91<0,0,(((O67^2)+(O81^2))^0.5)) | P91: m | Q91: 3 | R91: =IF($R$57-Q91<0,0,(((O68^2)+(O83^2))^0.5)) | S91: m | U91: Panjang Overstek Sambungan | Z91: =AA70 | AA91: m
N92: 4 | O92: =IF($R$56-N92<0,0,(((O69^2)+(O83^2))^0.5)) | P92: m | Q92: 4 | R92: =IF($R$57-Q92<0,0,(((O70^2)+(O85^2))^0.5)) | S92: m | U92: Panjang Profil C75 | Z92: =SUM(Z86:Z91) | AA92: m
N93: 5 | O93: =IF($R$56-N93<0,0,(((O71^2)+(O85^2))^0.5)) | P93: m | Q93: 5 | R93: =IF($R$57-Q93<0,0,(((R63^2)+(R78^2))^0.5)) | S93: m | W93: Total Profil C75 | Z93: =ROUNDUP(Z92/6,0) | AA93: btg
N94: 6 | O94: =IF($R$56-N94<0,0,(((R64^2)+(R78^2))^0.5)) | P94: m | Q94: 6 | R94: =IF($R$57-Q94<0,0,(((R65^2)+(R80^2))^0.5)) | S94: m | W94: Total Baut | Z94: =AB81 | AA94: bh
N95: 7 | O95: =IF($R$56-N95<0,0,(((R66^2)+(R80^2))^0.5)) | P95: m | Q95: 7 | R95: =IF($R$57-Q95<0,0,(((R67^2)+(R82^2))^0.5)) | S95: m | W95: Total Dynabolt | Z95: =AB82 | AA95: bh
N96: 8 | O96: =IF($R$56-N96<0,0,(((R68^2)+(R82^2))^0.5)) | P96: m | Q96: 8 | R96: =IF($R$57-Q96<0,0,(((R69^2)+(R84^2))^0.5)) | S96: m
N97: 9 | O97: =IF($R$56-N97<0,0,(((R71^2)+(R85^2))^0.5)) | P97: m | Q97: 9 | R97: =IF($R$57-Q97<0,0,(((R71^2)+(R85^2))^0.5)) | S97: m
N98: Panjang Batang Da | O98: =(O89+O90+O91+O92+O93+O94+O95+O96+O97)*2 | P98: m
Q99: Panjang Batang Db | R99: =(R89+R90+R91+R92+R93+R94+R95+R96+R97)*2 | S99: m

Sheet Plesteran & Acian
D3: AHSP S.E. BHINA KONSTRUKSI NO. 30 TAHUN 2025
B5: 12. | C5: PEKERJAAN PLESTERAN DINDING & ACIAN
B7: 12.1 | C7: Dimensi Utama | K7: 12.3 | L7: Result
C8: Ukuran dinding | G8: Ukuran ampig | L8: Uraian | N8: Volume | O8: Satuan | P8: Harga Satuan (Rp) | Q8: Jumlah Harga (Rp)
B9: Pi | C9: Panjang dinding interior | D9: 36 | E9: m | F9: T2 | G9: Tinggi ampig | H9: 2.3 | I9: m | K9: 1 | L9: Pekerja | N9: =H57 | O9: OH | P9: 100000 | Q9: =IFERROR((P9*N9)*K9,0)
B10: Pe | C10: Panjang dinding eksterior | D10: 39 | E10: m | F10: a2 | G10: Lebar alas | H10: 9 | I10: m | K10: 1 | L10: Tukang | N10: =H58 | O10: OH | P10: 145000 | Q10: =IFERROR((P10*N10)*K10,0)
B11: T | C11: Tinggi dinding | D11: 3.8 | E11: m | G11: Jumlah ampig | H11: 2 | I11: set | K11: 1 | L11: Kepala Tukang | N11: =H59 | O11: OH | P11: 175000 | Q11: =IFERROR((P11*N11)*K11,0)
C12: Ukuran kusen pintu | G12: Ukuran kusen jendela | K12: 1 | L12: Mandor | N12: =H60 | O12: OH | P12: 200000 | Q12: =IFERROR((P12*N12)*K12,0)
B13: a | C13: Tinggi kusen pintu | D13: 2.1 | E13: m | F13: m | G13: Tinggi kusen jendela | H13: 1.5 | I13: m | N13: Jumlah Harga Tenaga Kerja = | Q13: =SUM(Q9:Q12)
B14: b | C14: Lebar kusen pintu | D14: 0.9 | E14: m | F14: m1 | G14: Lebar kusen jendela | H14: 0.7 | I14: m | K14: 0 | L14: Pemasangan Plesteran Dinding 1SP : 3PP
C15: Jumlah pintu | D15: 6 | E15: unit | G15: Jumlah jendela | H15: 7 | I15: unit | L15: =C62 | N15: =G62/50 | O15: sak | P15: 65000 | Q15: =IFERROR(P15*N15,0)
C16: Bouvenlight | G16: Lubang pengurang lainnya | L16: =C63 | N16: =G63 | O16: m³ | P16: 275000 | Q16: =IFERROR(P16*N16,0)
B17: x | C17: Lebar Bouven | D17: 0.2 | E17: m | F17: x1 | G17: Luasan pengurang 1 | H17: 0 | I17: m²
B18: y | C18: Tinggi Bouven | D18: 0.3 | E18: m | F18: x2 | G18: Luasan pengurang 2 | H18: 0 | I18: m² | K18: 1 | L18: Pemasangan Plesteran Dinding 1SP : 4PP
C19: Jumlah Bouven | D19: 26 | E19: unit | F19: x3 | G19: Luasan pengurang 3 | H19: 0 | I19: m² | L19: =C73 | N19: =G73/50 | O19: sak | P19: 65000 | Q19: =IFERROR(P19*N19,0)
L20: =C74 | N20: =G74 | O20: m³ | P20: 275000 | Q20: =IFERROR(P20*N20,0)
F21: 12.2 | G21: Volume
G22: Volume pasangan dinding | K22: 0 | L22: Pemasangan Plesteran Dinding Semen Instan
G23: Luas pasangan dinding | H23: =IFERROR((((D9+D10)*D11)-H25)+H24,0) | I23: m² | L23: =C84 | N23: =G84/40 | O23: sak | P23: 74000 | Q23: =IFERROR(P23*N23,0)
G24: Luas ampig/sopi-sopi | H24: =IFERROR((0.5*H9*H10)*H11,0) | I24: m²
G25: Luas pengurang dinding | H25: =IFERROR(D13*D14*D15+H13*H14*H15+D17*D18*D19+H17+H18+H19,0) | I25: m² | K25: 1 | L25: Pemasangan Acian
L26: =C94 | N26: =G94/50 | O26: sak | P26: 65000 | Q26: =IFERROR(P26*N26,0)
N27: Jumlah Harga Bahan = | Q27: =IFERROR(Q15+Q16+Q19+Q20+Q23+Q26,0)
P28: TOTAL | Q28: =IFERROR(Q13+Q27,0)
Q29: Biaya Pekerjaan
C52: AHSP S.E. DIRJEN BHINA KONSTRUKSI NO. 30 TAHUN 2025
C54: Pemasangan 1 m2 plesteran 1SP : 3PP tebal 15 mm
C55: Uraian | D55: Koefisien | E55: Sat.
C56: TENAGA KERJA
C57: Pekerja | D57: 0.2 | E57: OH | G57: =IFERROR((H23*D57)*K14,0) | H57: =IFERROR(G57+G68+G79+G89,0)
C58: Tukang batu | D58: 0.1 | E58: OH | G58: =IFERROR((H23*D58)*K14,0) | H58: =IFERROR(G58+G69+G80+G90,0)
C59: Kepala tukang | D59: 0.01 | E59: OH | G59: =IFERROR((H23*D59)*K14,0) | H59: =IFERROR(G59+G70+G81+G91,0)
C60: Mandor | D60: 0.0033 | E60: OH | G60: =IFERROR((H23*D60)*K14,0) | H60: =IFERROR(G60+G71+G82+G92,0)
C61: BAHAN
C62: Semen portland | D62: 7.776 | E62: kg | G62: =IFERROR((H23*D62)*K14,0)
C63: Pasir pasang | D63: 0.023 | E63: m3 | G63: =IFERROR((H23*D63)*K14,0)
C65: Pemasangan 1 m2 plesteran 1SP : 4PP tebal 15 mm
C66: Uraian | D66: Koefisien | E66: Sat.
C67: TENAGA KERJA
C68: Pekerja | D68: 0.2 | E68: OH | G68: =IFERROR((H23*D68)*K18,0)
C69: Tukang batu | D69: 0.1 | E69: OH | G69: =IFERROR((H23*D69)*K18,0)
C70: Kepala tukang | D70: 0.01 | E70: OH | G70: =IFERROR((H23*D70)*K18,0)
C71: Mandor | D71: 0.0033 | E71: OH | G71: =IFERROR((H23*D71)*K18,0)
C72: BAHAN
C73: Semen portland | D73: 6.24 | E73: kg | G73: =IFERROR((H23*D73)*K18,0)
C74: Pasir pasang | D74: 0.024 | E74: m3 | G74: =IFERROR((H23*D74)*K18,0)
C76: Pemasangan 1 m2 plesteran dengan semen instan tebal 10 mm
C77: Uraian | D77: Koefisien | E77: Sat.
C78: TENAGA KERJA
C79: Pekerja | D79: 0.167 | E79: OH | G79: =IFERROR((H23*D79)*K22,0)
C80: Tukang batu | D80: 0.083 | E80: OH | G80: =IFERROR((H23*D80)*K22,0)
C81: Kepala tukang | D81: 0.0083 | E81: OH | G81: =IFERROR((H23*D81)*K22,0)
C82: Mandor | D82: 0.0028 | E82: OH | G82: =IFERROR((H23*D82)*K22,0)
C83: BAHAN
C84: Mortar siap pakai | D84: 16.67 | E84: kg | G84: =IFERROR((H23*D84)*K22,0)
C86: Pemasangan 1 m2 acian
C87: Uraian | D87: Koefisien | E87: Sat.
C88: TENAGA KERJA
C89: Pekerja | D89: 0.2 | E89: OH | G89: =IFERROR((H23*D89)*K25,0)
C90: Tukang batu | D90: 0.1 | E90: OH | G90: =IFERROR((H23*D90)*K25,0)
C91: Kepala tukang | D91: 0.01 | E91: OH | G91: =IFERROR((H23*D91)*K25,0)
C92: Mandor | D92: 0.0033 | E92: OH | G92: =IFERROR((H23*D92)*K25,0)
C93: BAHAN
C94: Semen portland | D94: 3.25 | E94: kg | G94: =IFERROR((H23*D94)*K25,0)

Sheet Penutup Lantai
D3: AHSP S.E. BHINA KONSTRUKSI NO. 30 TAHUN 2025
B5: 13. | C5: PEKERJAAN PEMASANGAN PENUTUP LANTAI
B7: 13.1 | C7: Dimensi Utama | K7: 13.3 | L7: Result
C8: Luasan penutup lantai | G8: Ukuran Granit | L8: Uraian | N8: Volume | O8: Satuan | P8: Harga Satuan (Rp) | Q8: Jumlah Harga (Rp)
C9: Lantai utama | D9: 36 | E9: m² | F9: P | G9: Panjang granit | H9: 60 | I9: cm | K9: 1 | L9: Pekerja | N9: =H56 | O9: OH | P9: 100000 | Q9: =IFERROR((P9*N9)*K9,0)
C10: Lantai toilet | D10: 39 | E10: m² | F10: L | G10: Lebar granit | H10: 60 | I10: cm | K10: 1 | L10: Tukang | N10: =H57 | O10: OH | P10: 145000 | Q10: =IFERROR((P10*N10)*K10,0)
C11: Lantai teras | D11: 3.8 | E11: m² | G11: LUAS GRANIT | H11: =IFERROR((H9/100)*H10/100,0) | I11: m² | K11: 1 | L11: Kepala Tukang | N11: =H58 | O11: OH | P11: 175000 | Q11: =IFERROR((P11*N11)*K11,0)
C12: Lantai lainnya | D12: 3.8 | E12: m² | G12: Ukuran Teralux Marmer | K12: 1 | L12: Mandor | N12: =H59 | O12: OH | P12: 200000 | Q12: =IFERROR((P12*N12)*K12,0)
C13: LUAS LANTAI | D13: =SUM(D9:D12) | E13: m² | F13: P | G13: Panjang marmer | H13: 60 | I13: cm | N13: Jumlah Harga Tenaga Kerja = | Q13: =SUM(Q9:Q12)
C14: Panjang pasangan plint | F14: L | G14: Lebar marmer | H14: 60 | I14: cm | K14: 1 | L14: Pemasangan Lantai Ubin Granit 1SP : 2PP
C15: Panjang plint 1 | D15: 17.1 | E15: m¹ | G15: LUAS MARMER | H15: =IFERROR((H13/100)*H14/100,0) | I15: m² | L15: =C61 | N15: =G61 | O15: buah | P15: 120000 | Q15: =IFERROR(P15*N15,0)
C16: Panjang plint 2 | D16: 11.1 | E16: m¹ | G16: Ukuran Keramik | L16: =C62 | N16: =G62/50 | O16: sak | P16: 65000 | Q16: =IFERROR(P16*N16,0)
C17: Panjang plint 3 | D17: 15.1 | E17: m¹ | F17: P | G17: Panjang keramik | H17: 30 | I17: cm | L17: =C63 | N17: =G63/40 | O17: sak | P17: 307000 | Q17: =IFERROR(P17*N17,0)
C18: Panjang lainnya | D18: 6 | E18: m¹ | F18: L | G18: Lebar keramik | H18: 30 | I18: cm | L18: Pasir pasang | N18: =G64 | O18: m³ | P18: 275000 | Q18: =IFERROR(P18*N18,0)
C19: PANJANG PLINT | D19: =SUM(D15:D18) | E19: m¹ | G19: LUAS KERAMIK | H19: =IFERROR((H17/100)*H18/100,0) | I19: m² | K19: 0 | L19: Pemasangan Lantai Teralux Marmer 1SP : 2PP
C20: Ukuran plint | L20: =C74 | N20: =G74 | O20: buah | P20: 120000 | Q20: =IFERROR(P20*N20,0)
B21: P | C21: Panjang plint | D21: 60 | E21: cm | F21: 13.2 | G21: Volume | L21: =C75 | N21: =G75/50 | O21: sak | P21: 65000 | Q21: =IFERROR(P21*N21,0)
B22: L | C22: Lebar plint | D22: 10 | E22: cm | G22: Volume pekerjaan | L22: =C76 | N22: =G76/40 | O22: sak | P22: 307000 | Q22: =IFERROR(P22*N22,0)
C23: Panjang 1 plint | D23: =IFERROR(D21/100,0) | E23: m¹ | G23: Total luas lantai | H23: =D13 | I23: m² | L23: Pasir pasang | N23: =G77 | O23: m³ | P23: 275000 | Q23: =IFERROR(P23*N23,0)
G24: Total panjang plint | H24: =D19 | I24: m¹ | K24: 0 | L24: Pemasangan Lantai Keramik 1SP : 2PP
L25: =C87 | N25: =G87 | O25: buah | P25: 44000 | Q25: =IFERROR(P25*N25,0)
L26: =C88 | N26: =G88/50 | O26: sak | P26: 65000 | Q26: =IFERROR(P26*N26,0)
L27: =C89 | N27: =G89/40 | O27: sak | P27: 307000 | Q27: =IFERROR(P27*N27,0)
L28: Pasir pasang | N28: =G90 | O28: m³ | P28: 275000 | Q28: =IFERROR(P28*N28,0)
K29: 1 | L29: Pemasangan Plint 1SP : 2PP
L30: =C100 | N30: =G100 | O30: buah | P30: 18000 | Q30: =IFERROR(P30*N30,0)
L31: =C101 | N31: =G101/50 | O31: sak | P31: 65000 | Q31: =IFERROR(P31*N31,0)
L32: =C102 | N32: =G102/40 | O32: sak | P32: 307000 | Q32: =IFERROR(P32*N32,0)
L33: Pasir pasang | N33: =G103 | O33: m³ | P33: 275000 | Q33: =IFERROR(P33*N33,0)
N34: Jumlah Harga Bahan = | Q34: =IFERROR(Q15+Q16+Q17+Q18+Q20+Q21+Q22+Q23+Q25+Q26+Q27+Q28+Q30+Q31+Q32+Q33,0)
P35: TOTAL | Q35: =IFERROR(Q13+Q34,0)
Q36: Biaya Pekerjaan
C51: AHSP S.E. DIRJEN BHINA KONSTRUKSI NO. 30 TAHUN 2025
C53: Pemasangan 1 m2 lantai ubin granit (1SP : 2PP)
C54: Uraian | D54: Koefisien | E54: Sat.
C55: TENAGA KERJA
C56: Pekerja | D56: {=IFS(H11=0.36,"0,2500",H11=0.16,"0,1538",TRUE,"SALAH")} | E56: OH | G56: =IFERROR((H23*D56)*K14,0) | H56: =IFERROR(G56+G69+G82+G95,0)
C57: Tukang batu | D57: {=IFS(H11=0.36,"0,0833",H11=0.16,"0,0769",TRUE,"SALAH")} | E57: OH | G57: =IFERROR((H23*D57)*K14,0) | H57: =IFERROR(G57+G70+G83+G96,0)
C58: Kepala tukang | D58: {=IFS(H11=0.36,"0,0083",H11=0.16,"0,0077",TRUE,"SALAH")} | E58: OH | G58: =IFERROR((H23*D58)*K14,0) | H58: =IFERROR(G58+G71+G84+G97,0)
C59: Mandor | D59: {=IFS(H11=0.36,"0,0028",H11=0.16,"0,0026",TRUE,"SALAH")} | E59: OH | G59: =IFERROR((H23*D59)*K14,0) | H59: =IFERROR(G59+G72+G85+G98,0)
C60: BAHAN
C61: ="Granit "&H9&"x"&H10&" cm" | D61: =IFERROR(1.05/H11,0) | E61: bh | G61: =IFERROR((H23*D61)*K14,0)
C62: Semen portland (PC) | D62: 13.632 | E62: kg | G62: =IFERROR((H23*D62)*K14,0)
C63: Semen warna | D63: 1.5 | E63: kg | G63: =IFERROR((H23*D63)*K14,0)
C64: Pasir pasang (quarry - lokasi pekerjaan) | D64: 0.027 | E64: m3 | G64: =IFERROR((H23*D64)*K14,0)
C66: 1 m2 lantai ubin teralux marmer (1SP : 2PP)
C67: Uraian | D67: Koefisien | E67: Sat.
C68: TENAGA KERJA
C69: Pekerja | D69: {=IFS(H15=0.36,"0,2500",H15=0.16,"0,1538",TRUE,"SALAH")} | E69: OH | G69: =IFERROR((H23*D69)*K19,0)
C70: Tukang batu | D70: {=IFS(H15=0.36,"0,0833",H15=0.16,"0,0769",TRUE,"SALAH")} | E70: OH | G70: =IFERROR((H23*D70)*K19,0)
C71: Kepala tukang | D71: {=IFS(H15=0.36,"0,0083",H15=0.16,"0,0077",TRUE,"SALAH")} | E71: OH | G71: =IFERROR((H23*D71)*K19,0)
C72: Mandor | D72: {=IFS(H15=0.36,"0,0028",H15=0.16,"0,0026",TRUE,"SALAH")} | E72: OH | G72: =IFERROR((H23*D72)*K19,0)
C73: BAHAN
C74: ="Teralux Marmer "&H13&"x"&H14&" cm" | D74: =IFERROR(1.05/H15,0) | E74: bh | G74: =IFERROR((H23*D74)*K19,0)
C75: Semen portland (PC) | D75: 13.632 | E75: kg | G75: =IFERROR((H23*D75)*K19,0)
C76: Semen warna | D76: 1.5 | E76: kg | G76: =IFERROR((H23*D76)*K19,0)
C77: Pasir pasang (quarry - lokasi pekerjaan) | D77: 0.027 | E77: m3 | G77: =IFERROR((H23*D77)*K19,0)
C79: Pemasangan 1 m2 lantai keramik (1SP : 2PP)
C80: Uraian | D80: Koefisien | E80: Sat.
C81: TENAGA KERJA
C82: Pekerja | D82: {=IFS(H19=0.09,"0,1429",H19=0.16,"0,1538",TRUE,"SALAH")} | E82: OH | G82: =IFERROR((H23*D82)*K24,0)
C83: Tukang batu | D83: {=IFS(H19=0.09,"0,0714",H19=0.16,"0,0769",TRUE,"SALAH")} | E83: OH | G83: =IFERROR((H23*D83)*K24,0)
C84: Kepala tukang | D84: {=IFS(H19=0.09,"0,0071",H19=0.16,"0,0077",TRUE,"SALAH")} | E84: OH | G84: =IFERROR((H23*D84)*K24,0)
C85: Mandor | D85: {=IFS(H19=0.09,"0,0024",H19=0.16,"0,0026",TRUE,"SALAH")} | E85: OH | G85: =IFERROR((H23*D85)*K24,0)
C86: BAHAN
C87: ="Keramik "&H17&"x"&H18&" cm" | D87: =IFERROR(1.05/H19,0) | E87: bh | G87: =IFERROR((H23*D87)*K24,0)
C88: Semen portland (PC) | D88: 13.632 | E88: kg | G88: =IFERROR((H23*D88)*K24,0)
C89: Semen warna | D89: 1.5 | E89: kg | G89: =IFERROR((H23*D89)*K24,0)
C90: Pasir pasang (quarry - lokasi pekerjaan) | D90: 0.027 | E90: m3 | G90: =IFERROR((H23*D90)*K24,0)
C92: Pemasangan 1 m plint granit (1SP : 2PP)
C93: Uraian | D93: Koefisien | E93: Sat.
C94: TENAGA KERJA
C95: Pekerja | D95: {=IFS(D23=0.3,"0,0625",D23=0.4,"0,0667",D23=0.5,"0,0667",TRUE,"0,0714")} | E95: OH | G95: =IFERROR((H24*D95)*K29,0)
C96: Tukang batu | D96: {=IFS(D23=0.3,"0,0313",D23=0.4,"0,0333",D23=0.5,"0,0333",TRUE,"0,0357")} | E96: OH | G96: =IFERROR((H24*D96)*K29,0)
C97: Kepala tukang | D97: {=IFS(D23=0.3,"0,0031",D23=0.4,"0,0033",D23=0.5,"0,0033",TRUE,"0,0036")} | E97: OH | G97: =IFERROR((H24*D97)*K29,0)
C98: Mandor | D98: {=IFS(D23=0.3,"0,0010",D23=0.4,"0,0011",D23=0.5,"0,0011",TRUE,"0,0012")} | E98: OH | G98: =IFERROR((H24*D98)*K29,0)
C99: BAHAN
C100: ="Plint uk. "&D22&"x"&D21&" cm" | D100: =IFERROR(1.05/D23,0) | E100: bh | G100: =IFERROR((H24*D100)*K29,0)
C101: Semen portland (PC) | D101: 1.704 | E101: kg | G101: =IFERROR((H24*D101)*K29,0)
C102: Semen warna | D102: 0.188 | E102: kg | G102: =IFERROR((H24*D102)*K29,0)
C103: Pasir pasang (quarry - lokasi pekerjaan) | D103: 0.003 | E103: m3 | G103: =IFERROR((H24*D103)*K29,0)

Sheet Penutup Dinding
D3: AHSP S.E. BHINA KONSTRUKSI NO. 30 TAHUN 2025
B5: 14. | C5: PEKERJAAN PEMASANGAN PENUTUP DINDING
B7: 14.1 | C7: Dimensi Utama | K7: 14.3 | L7: Result
C8: Luasan penutup dinding | G8: Ukuran Dinding Homogeneous Tile | L8: Uraian | N8: Volume | O8: Satuan | P8: Harga Satuan (Rp) | Q8: Jumlah Harga (Rp)
C9: Luas dinding 1 | D9: 19.5 | E9: m² | F9: P | G9: Panjang homogeneous tile | H9: 60 | I9: cm | K9: 1 | L9: Pekerja | N9: =H55 | O9: OH | P9: 100000 | Q9: =IFERROR((P9*N9)*K9,0)
C10: Luas dinding 2 | D10: 15 | E10: m² | F10: L | G10: Lebar homogeneous tile | H10: 60 | I10: cm | K10: 1 | L10: Tukang | N10: =H56 | O10: OH | P10: 145000 | Q10: =IFERROR((P10*N10)*K10,0)
C11: Luas dinding 3 | D11: 17 | E11: m² | G11: LUAS HOMOGENEOUS | H11: =IFERROR((H9/100)*H10/100,0) | I11: m² | K11: 1 | L11: Kepala Tukang | N11: =H57 | O11: OH | P11: 175000 | Q11: =IFERROR((P11*N11)*K11,0)
C12: Luas dinding lainnya | D12: 10 | E12: m² | G12: Ukuran Dinding Porselen | K12: 1 | L12: Mandor | N12: =H58 | O12: OH | P12: 200000 | Q12: =IFERROR((P12*N12)*K12,0)
C13: TOTAL LUAS DINDING | D13: =SUM(D9:D12) | E13: m² | F13: P | G13: Panjang dinding porselen | H13: 20 | I13: cm | N13: Jumlah Harga Tenaga Kerja = | Q13: =SUM(Q9:Q12)
F14: L | G14: Lebar dinding porselen | H14: 20 | I14: cm | K14: 0 | L14: Pemasangan Dinding Keramik 1SP : 2PP
C15: Ukuran Dinding Keramik | G15: LUAS PORSELEN | H15: =IFERROR((H13/100)*H14/100,0) | I15: m² | L15: =C60 | N15: =G60 | O15: buah | P15: 3000 | Q15: =IFERROR(P15*N15,0)
B16: P | C16: Panjang dinding keramik | D16: 20 | E16: cm | L16: =C61 | N16: =G61/50 | O16: sak | P16: 65000 | Q16: =IFERROR(P16*N16,0)
B17: L | C17: Lebar dinding keramik | D17: 5 | E17: cm | F17: 14.2 | G17: Volume | L17: =C62 | N17: =G62/40 | O17: sak | P17: 307000 | Q17: =IFERROR(P17*N17,0)
C18: LUAS KERAMIK | D18: =IFERROR((D16/100)*D17/100,0) | E18: m² | G18: Volume pekerjaan | L18: Pasir pasang | N18: =G63 | O18: m³ | P18: 275000 | Q18: =IFERROR(P18*N18,0)
G19: Total luas keramik dinding | H19: =D13 | I19: m² | K19: 1 | L19: Pemasangan Dinding Homogeneous Tile 1SP : 2PP
L20: =C73 | N20: =G73 | O20: buah | P20: 30000 | Q20: =IFERROR(P20*N20,0)
L21: =C74 | N21: =G74/50 | O21: sak | P21: 65000 | Q21: =IFERROR(P21*N21,0)
L22: Pasir pasang | N22: =G75 | O22: m³ | P22: 275000 | Q22: =IFERROR(P22*N22,0)
C23: Catatan: | K23: 0 | L23: Pemasangan Dinding Porselen 1SP : 2PP
C24: Ukuran Dinding Keramik: | D24: Ukuran Dinding Homogeneous Tile: | L24: =C85 | N24: =G85 | O24: {=IFS(H15=0.0121,"dus",TRUE,"buah")} | P24: 2000 | Q24: =IFERROR(P24*N24,0)
C25: 5 x 20 cm | D25: 30 x 30 cm | L25: =C86 | N25: =G86/50 | O25: sak | P25: 65000 | Q25: =IFERROR(P25*N25,0)
C26: 10 x 20 cm | D26: 40 x 40 cm | L26: =C87 | N26: =G87/40 | O26: sak | P26: 307000 | Q26: =IFERROR(P26*N26,0)
C27: 20 x 20 cm | D27: 60 x 60 cm | L27: Pasir pasang | N27: =G88 | O27: m³ | P27: 275000 | Q27: =IFERROR(P27*N27,0)
N28: Jumlah Harga Bahan = | Q28: =IFERROR(Q15+Q16+Q17+Q18+Q20+Q21+Q22+Q24+Q25+Q26+Q27,0)
C29: Ukuran Dinding Porselen: | P29: TOTAL | Q29: =IFERROR(Q13+Q28,0)
C30: 11 x 11 cm | Q30: Biaya Pekerjaan
C31: 10 x 20 cm
C32: 20 x 20 cm
C50: AHSP S.E. DIRJEN BHINA KONSTRUKSI NO. 30 TAHUN 2025
C52: Pemasangan 1 m2 Dinding Keramik (1SP : 2PP)
C53: Uraian | D53: Koefisien | E53: Sat.
C54: TENAGA KERJA
C55: Pekerja | D55: {=IFS(D18=0.01,"0,909",D18=0.02,"0,500",D18=0.04,"0,400",TRUE,"SALAH")} | E55: OH | G55: =IFERROR((H19*D55)*K14,0) | H55: =IFERROR(G55+G68+G80,0)
C56: Tukang batu | D56: {=IFS(D18=0.01,"0,455",D18=0.02,"0,250",D18=0.04,"0,200",TRUE,"SALAH")} | E56: OH | G56: =IFERROR((H19*D56)*K14,0) | H56: =IFERROR(G56+G69+G81,0)
C57: Kepala tukang | D57: {=IFS(D18=0.01,"0,045",D18=0.02,"0,025",D18=0.04,"0,020",TRUE,"SALAH")} | E57: OH | G57: =IFERROR((H19*D57)*K14,0) | H57: =IFERROR(G57+G70+G82,0)
C58: Mandor | D58: {=IFS(D18=0.01,"0,015",D18=0.02,"0,008",D18=0.04,"0,007",TRUE,"SALAH")} | E58: OH | G58: =IFERROR((H19*D58)*K14,0) | H58: =IFERROR(G58+G71+G83,0)
C59: BAHAN
C60: ="Keramik Dinding "&D17&"x"&D16&"cm" | D60: =IFERROR(1.04/D18,0) | E60: bh | G60: =IFERROR((H19*D60)*K14,0)
C61: Semen portland (PC) | D61: 9.3 | E61: kg | G61: =IFERROR((H19*D61)*K14,0)
C62: Semen warna | D62: {=IFS(D18=0.01,"2,900",D18=0.02,"2,750",D18=0.04,"1,940",TRUE,"SALAH")} | E62: kg | G62: =IFERROR((H19*D62)*K14,0)
C63: Pasir pasang (quarry - lokasi pekerjaan) | D63: 0.018 | E63: m3 | G63: =IFERROR((H19*D63)*K14,0)
C65: Pemasangan 1 m2 Dinding Homogeneous Tile (1SP : 2PP)
C66: Uraian | D66: Koefisien | E66: Sat.
C67: TENAGA KERJA
C68: Pekerja | D68: {=IFS(H11=0.09,"1,0000",H11=0.16,"0,900",H11=0.36,"0,400",TRUE,"SALAH")} | E68: OH | G68: =IFERROR((H19*D68)*K19,0)
C69: Tukang batu | D69: {=IFS(H11=0.09,"0,5000",H11=0.16,"0,450",H11=0.36,"0,200",TRUE,"SALAH")} | E69: OH | G69: =IFERROR((H19*D69)*K19,0)
C70: Kepala tukang | D70: {=IFS(H11=0.09,"0,0500",H11=0.16,"0,045",H11=0.36,"0,020",TRUE,"SALAH")} | E70: OH | G70: =IFERROR((H19*D70)*K19,0)
C71: Mandor | D71: {=IFS(H11=0.09,"0,0167",H11=0.16,"0,015",H11=0.36,"0,007",TRUE,"SALAH")} | E71: OH | G71: =IFERROR((H19*D71)*K19,0)
C72: BAHAN
C73: ="Homogeneous "&H10&"x"&H9&"cm" | D73: {=IFS(H11=0.09,"11,670",H11=0.16,"6,560",H11=0.36,"2,920",TRUE,"SALAH")} | E73: bh | G73: =IFERROR((H19*D73)*K19,0)
C74: Semen portland (PC) | D74: 9.3 | E74: kg | G74: =IFERROR((H19*D74)*K19,0)
C75: Pasir pasang (quarry - lokasi pekerjaan) | D75: 0.018 | E75: m3 | G75: =IFERROR((H19*D75)*K19,0)
C77: Pemasangan 1 m2 Dinding Porselen (1SP : 2PP)
C78: Uraian | D78: Koefisien | E78: Sat.
C79: TENAGA KERJA
C80: Pekerja | D80: {=IFS(H15=0.0121,"1,0000",H15=0.02,"0,9000",H15=0.04,"0,2500",TRUE,"SALAH")} | E80: OH | G80: =IFERROR((H19*D80)*K23,0)
C81: Tukang batu | D81: {=IFS(H15=0.0121,"0,5000",H15=0.02,"0,4500",H15=0.04,"0,1250",TRUE,"SALAH")} | E81: OH | G81: =IFERROR((H19*D81)*K23,0)
C82: Kepala tukang | D82: {=IFS(H15=0.0121,"0,0500",H15=0.02,"0,0450",H15=0.04,"0,0125",TRUE,"SALAH")} | E82: OH | G82: =IFERROR((H19*D82)*K23,0)
C83: Mandor | D83: {=IFS(H15=0.0121,"0,0167",H15=0.02,"0,0150",H15=0.04,"0,0042",TRUE,"SALAH")} | E83: OH | G83: =IFERROR((H19*D83)*K23,0)
C84: BAHAN
C85: ="Porselen "&H14&"x"&H13&"cm" | D85: {=IFS(H15=0.0121,"1,050",H15=0.02,"53,000",H15=0.04,"26,250",TRUE,"SALAH")} | E85: {=IFS(H15=0.0121,"dus",TRUE,"bh")} | G85: =IFERROR((H19*D85)*K23,0)
C86: Semen portland (PC) | D86: 9.3 | E86: kg | G86: =IFERROR((H19*D86)*K23,0)
C87: Semen warna | D87: {=IFS(H15=0.0121,"0,500",H15=0.02,"2,750",H15=0.04,"1,940",TRUE,"SALAH")} | E87: kg | G87: =IFERROR((H19*D87)*K23,0)
C88: Pasir pasang (quarry - lokasi pekerjaan) | D88: 0.018 | E88: m3 | G88: =IFERROR((H19*D88)*K23,0)

Sheet Plafon
E3: AHSP SE BHINA KONSTRUKSI NO. 30 TAHUN 2025
C4: 15. | D4: PEKERJAAN PEMASANGAN PLAFON
D5: ="Pemasangan Plafon "&J8& " m²"
C6: 15.1 | D6: Dimensi Utama | G6: 15.2 | H6: Volume | J6: =E8+E9
C8: L | D8: Lebar ruangan | E8: 3 | F8: m | G8: Total luas ruangan | J8: =IFERROR(E8*E9,0) | K8: m²
C9: P | D9: Panjang ruangan | E9: 6 | F9: m | G9: Panjang list plafon | J9: =+IFERROR((E8+E9)*2,0) | K9: m¹
G10: Luas pengecatan plafon | J10: =IFERROR(E8*E9,0) | K10: m²
C12: 15.3 | D12: Result
C13: 15.3.1 | D13: Pemasangan Plafon GRC Rangka (50 x 100) cm, Kayu Kelas II | M13: 15.3.5 | N13: Pemasangan Plafon GRC Rangka Besi Hollow 40.40, Modul 60x60 cm
C14: No | D14: Uraian | E14: Volume | F14: Satuan | G14: Harga Satuan (Rp) | I14: Jumlah Harga (Rp) | M14: No | N14: Uraian | O14: Volume | P14: Satuan | Q14: Harga Satuan (Rp) | S14: Jumlah Harga (Rp)
C15: A | D15: TENAGA KERJA | M15: A | N15: TENAGA KERJA
B16: 1 | C16: 1 | D16: Pekerja | E16: =IFERROR((J8*0.255),0) | F16: OH | G16: 100000 | I16: =((G16*E16*B16)) | L16: 1 | M16: 1 | N16: Pekerja | O16: =IFERROR((J8*0.405),0) | P16: OH | Q16: 100000 | S16: =((Q16*O16*L16))
B17: 1 | C17: 2 | D17: Tukang | E17: =((J8*0.395)) | F17: OH | G17: 145000 | I17: =((G17*E17*B17)) | L17: 1 | M17: 2 | N17: Tukang | O17: =((J8*0.445)) | P17: OH | Q17: 145000 | S17: =((Q17*O17*L17))
B18: 1 | C18: 3 | D18: Kepala Tukang | E18: =((J8*0.0395)) | F18: OH | G18: 175000 | I18: =((G18*E18*B18)) | L18: 1 | M18: 3 | N18: Kepala Tukang | O18: =((J8*0.0445)) | P18: OH | Q18: 175000 | S18: =((Q18*O18*L18))
B19: 1 | C19: 4 | D19: Mandor | E19: =((J8*0.0131)) | F19: OH | G19: 200000 | I19: =((G19*E19*B19)) | L19: 1 | M19: 4 | N19: Mandor | O19: =((J8*0.0148)) | P19: OH | Q19: 200000 | S19: =((Q19*O19*L19))
E20: Jumlah Harga Tenaga Kerja | I20: =SUM(I16:J19) | O20: Jumlah Harga Tenaga Kerja | S20: =SUM(S16:T19)
C21: B | D21: BAHAN | M21: B | N21: BAHAN
C22: 1 | D22: Kaso 5/7 kayu kelas II | E22: =IFERROR(J8*0.0163,0) | F22: m³ | G22: 4200000 | I22: =((G22*E22)) | M22: 1 | N22: Hollow galvanis 40.40 | O22: =IFERROR(J8*4,0) | P22: m¹ | Q22: 6250 | S22: =((Q22*O22))
C23: 2 | D23: Paku 7 - 10 cm | E23: =IFERROR(J8*0.25,0) | F23: kg | G23: 20000 | I23: =((G23*E23)) | M23: 2 | N23: Kawat las | O23: =IFERROR(J8*0.05,0) | P23: kg | Q23: 45550 | S23: =((Q23*O23))
C24: 3 | D24: Papan semen GRC | E24: =((J8*1.21)) | F24: m² | G24: 45000 | I24: =((G24*E24)) | M24: 3 | N24: Papan semen GRC | O24: =((J8*1.21)) | P24: m² | Q24: 45000 | S24: =((Q24*O24))
C25: 4 | D25: Paku 2 inch | E25: =((J8*0.01)) | F25: kg | G25: 18000 | I25: =((G25*E25)) | M25: 4 | N25: Paku sekrup | O25: =((J8*0.11)) | P25: kg | Q25: 30090 | S25: =((Q25*O25))
C26: 5 | D26: List kayu profil | E26: =((J9*1.1)) | F26: m¹ | G26: 5000 | I26: =((G26*E26)) | M26: 5 | N26: List kayu profil | O26: =((J9*1.1)) | P26: m¹ | Q26: 5000 | S26: =((Q26*O26))
C27: 6 | D27: Paku sekrup | E27: =IFERROR(J8*0.01,0) | F27: kg | G27: 30090 | I27: =((G27*E27)) | M27: 6 | N27: Paku sekrup | O27: =IFERROR(J8*0.01,0) | P27: kg | Q27: 30090 | S27: =((Q27*O27))
E28: Jumlah Harga Bahan | I28: =SUM(I22:J27) | O28: Jumlah Harga Bahan | S28: =SUM(S22:T27)
B29: 0 | D29: Total Harga Tenaga Kerja dan Bahan | I29: =IFERROR((I20+I28)*B29,0) | L29: 0 | N29: Total Harga Tenaga Kerja dan Bahan | S29: =IFERROR((S20+S28)*L29,0)
C31: 15.3.2 | D31: Pemasangan Plafon GRC Rangka (60 x 100) cm, Kayu Kelas II | M31: 15.3.6 | N31: Pemasangan Plafon Gypsum (120cm x 240cm x 9mm) Rangka Besi Hollow 40.40, Modul 60x60 cm
C32: No | D32: Uraian | E32: Volume | F32: Satuan | G32: Harga Satuan (Rp) | I32: Jumlah Harga (Rp) | M32: No | N32: Uraian | O32: Volume | P32: Satuan | Q32: Harga Satuan (Rp) | S32: Jumlah Harga (Rp)
C33: A | D33: TENAGA KERJA | M33: A | N33: TENAGA KERJA
B34: 1 | C34: 1 | D34: Pekerja | E34: =IFERROR((J8*0.205),0) | F34: OH | G34: 100000 | I34: =((G34*E34*B34)) | L34: 1 | M34: 1 | N34: Pekerja | O34: =O16 | P34: OH | Q34: 100000 | S34: =((Q34*O34*L34))
B35: 1 | C35: 2 | D35: Tukang | E35: =((J8*0.395)) | F35: OH | G35: 145000 | I35: =((G35*E35*B35)) | L35: 1 | M35: 2 | N35: Tukang | O35: =O17 | P35: OH | Q35: 145000 | S35: =((Q35*O35*L35))
B36: 1 | C36: 3 | D36: Kepala Tukang | E36: =((J8*0.0395)) | F36: OH | G36: 175000 | I36: =((G36*E36*B36)) | L36: 1 | M36: 3 | N36: Kepala Tukang | O36: =O18 | P36: OH | Q36: 175000 | S36: =((Q36*O36*L36))
B37: 1 | C37: 4 | D37: Mandor | E37: =((J8*0.0131)) | F37: OH | G37: 200000 | I37: =((G37*E37*B37)) | L37: 1 | M37: 4 | N37: Mandor | O37: =O19 | P37: OH | Q37: 200000 | S37: =((Q37*O37*L37))
E38: Jumlah Harga Tenaga Kerja | I38: =SUM(I34:J37) | O38: Jumlah Harga Tenaga Kerja | S38: =SUM(S34:T37)
C39: B | D39: BAHAN | M39: B | N39: BAHAN
C40: 1 | D40: Kaso 5/7 kayu kelas II | E40: =IFERROR(J8*0.015,0) | F40: m³ | G40: 4200000 | I40: =((G40*E40)) | M40: 1 | N40: =N22 | O40: =O22 | P40: =P22 | Q40: 6250 | S40: =((Q40*O40))
C41: 2 | D41: Paku 7 - 10 cm | E41: =IFERROR(J8*0.25,0) | F41: kg | G41: 20000 | I41: =((G41*E41)) | M41: 2 | N41: =N23 | O41: =O23 | P41: kg | Q41: 45550 | S41: =((Q41*O41))
C42: 3 | D42: Papan semen GRC | E42: =((J8*1.21)) | F42: m² | G42: 45000 | I42: =((G42*E42)) | M42: 3 | N42: Gypsum board 9 mm | O42: =((J8*0.364)) | P42: lembar | Q42: 70000 | S42: =((Q42*O42))
C43: 4 | D43: Paku 2 inch | E43: =((J8*0.01)) | F43: kg | G43: 18000 | I43: =((G43*E43)) | M43: 4 | N43: Paku sekrup | O43: =((J8*0.11)) | P43: kg | Q43: 30090 | S43: =((Q43*O43))
C44: 5 | D44: List kayu profil | E44: =((J9*1.1)) | F44: m¹ | G44: 5000 | I44: =((G44*E44)) | M44: 5 | N44: List gypsum profil | O44: =((J9*1.1)) | P44: m¹ | Q44: 15800 | S44: =((Q44*O44))
C45: 6 | D45: Paku sekrup | E45: =IFERROR(J8*0.01,0) | F45: kg | G45: 30090 | I45: =((G45*E45)) | M45: 6 | N45: Paku sekrup | O45: =IFERROR(J8*0.01,0) | P45: kg | Q45: 30090 | S45: =((Q45*O45))
E46: Jumlah Harga Bahan | I46: =SUM(I40:J45) | O46: Jumlah Harga Bahan | S46: =SUM(S40:T45)
B47: 1 | D47: Total Harga Tenaga Kerja dan Bahan | I47: =IFERROR((I38+I46)*B47,0) | L47: 0 | N47: Total Harga Tenaga Kerja dan Bahan | S47: =IFERROR((S38+S46)*L47,0)
C49: 15.3.3 | D49: Pemasangan Plafon Gypsum (120cm x 240cm x 9mm) Rangka (50x100) cm, Kayu Kelas II | M49: 15.3.7 | N49: Pengecatan plafon Interior ( 1 lapis Cat Dasar dan 2 Lapis Cat Penutup)
C50: No | D50: Uraian | E50: Volume | F50: Satuan | G50: Harga Satuan (Rp) | I50: Jumlah Harga (Rp) | M50: No | N50: Uraian | O50: Volume | P50: Satuan | Q50: Harga Satuan (Rp) | S50: Jumlah Harga (Rp)
C51: A | D51: TENAGA KERJA | M51: A | N51: TENAGA KERJA
B52: 1 | C52: 1 | D52: Pekerja | E52: =IFERROR((J8*0.255),0) | F52: OH | G52: 100000 | I52: =((G52*E52*B52)) | L52: 1 | M52: 1 | N52: Pekerja | O52: =IFERROR(J10*0.0625,0) | P52: OH | Q52: 100000 | S52: =((Q52*O52*L52))
B53: 1 | C53: 2 | D53: Tukang | E53: =((J8*0.395)) | F53: OH | G53: 145000 | I53: =((G53*E53*B53)) | L53: 1 | M53: 2 | N53: Tukang | O53: =IFERROR(J10*0.0625,0) | P53: OH | Q53: 145000 | S53: =((Q53*O53*L53))
B54: 1 | C54: 3 | D54: Kepala Tukang | E54: =((J8*0.0395)) | F54: OH | G54: 175000 | I54: =((G54*E54*B54)) | L54: 1 | M54: 3 | N54: Kepala Tukang | O54: =IFERROR(J10*0.0063,0) | P54: OH | Q54: 175000 | S54: =((Q54*O54*L54))
B55: 1 | C55: 4 | D55: Mandor | E55: =((J8*0.0131)) | F55: OH | G55: 200000 | I55: =((G55*E55*B55)) | L55: 1 | M55: 4 | N55: Mandor | O55: =IFERROR(J10*0.0021,0) | P55: OH | Q55: 200000 | S55: =((Q55*O55*L55))
E56: Jumlah Harga Tenaga Kerja | I56: =SUM(I52:J55) | O56: Jumlah Harga Tenaga Kerja | S56: =SUM(S52:T55)
C57: B | D57: BAHAN | M57: B | N57: BAHAN
C58: 1 | D58: Kaso 5/7 kayu kelas II | E58: =IFERROR(J8*0.0163,0) | F58: m³ | G58: 4200000 | I58: =((G58*E58)) | M58: 1 | N58: Cat dasar tembok interior | O58: =IFERROR(J10*0.12,0) | P58: kg | Q58: 119100 | S58: =((Q58*O58))
C59: 2 | D59: Paku 7 - 10 cm | E59: =IFERROR(J8*0.25,0) | F59: kg | G59: 20000 | I59: =((G59*E59)) | M59: 2 | N59: Cat penutup interior | O59: =IFERROR(J10*0.18,0) | P59: kg | Q59: 130500 | S59: =((Q59*O59))
C60: 3 | D60: Gypsum board 9 mm | E60: =((J8*0.364)) | F60: lembar | G60: 70000 | I60: =((G60*E60)) | O60: Jumlah Harga Bahan | S60: =SUM(S58:T59)
C61: 4 | D61: Paku sekrup | E61: =((J8*0.11)) | F61: kg | G61: 30090 | I61: =((G61*E61)) | N61: Total Harga Tenaga Kerja dan Bahan | S61: =S60+S56
C62: 5 | D62: List gypsum profil | E62: =((J9*1.1)) | F62: m¹ | G62: 15800 | I62: =((G62*E62))
C63: 6 | D63: Paku sekrup | E63: =IFERROR(J8*0.01,0) | F63: kg | G63: 30090 | I63: =((G63*E63)) | N63: TOTAL HARGA PEKERJAAN PLAFON | S63: =IFERROR(S61+S47+S29+I83+I65+I47+I29,0)
E64: Jumlah Harga Bahan | I64: =SUM(I58:J63)
B65: 0 | D65: Total Harga Tenaga Kerja dan Bahan | I65: =IFERROR((I56+I64)*B65,0)
C67: 15.3.4 | D67: Pemasangan Plafon Gypsum (120cm x 240cm x 9mm) Rangka (60x100) cm, Kayu Kelas II
C68: No | D68: Uraian | E68: Volume | F68: Satuan | G68: Harga Satuan (Rp) | I68: Jumlah Harga (Rp)
C69: A | D69: TENAGA KERJA
B70: 1 | C70: 1 | D70: Pekerja | E70: =IFERROR((J8*0.205),0) | F70: OH | G70: 100000 | I70: =((G70*E70*B70))
B71: 1 | C71: 2 | D71: Tukang | E71: =((J8*0.395)) | F71: OH | G71: 145000 | I71: =((G71*E71*B71))
B72: 1 | C72: 3 | D72: Kepala Tukang | E72: =((J8*0.0395)) | F72: OH | G72: 175000 | I72: =((G72*E72*B72))
B73: 1 | C73: 4 | D73: Mandor | E73: =((J8*0.0131)) | F73: OH | G73: 200000 | I73: =((G73*E73*B73))
E74: Jumlah Harga Tenaga Kerja | I74: =SUM(I70:J73)
C75: B | D75: BAHAN
C76: 1 | D76: Kaso 5/7 kayu kelas II | E76: =IFERROR(J8*0.015,0) | F76: m³ | G76: 4200000 | I76: =((G76*E76))
C77: 2 | D77: Paku 7 - 10 cm | E77: =IFERROR(J8*0.25,0) | F77: kg | G77: 20000 | I77: =((G77*E77))
C78: 3 | D78: Gypsum board 9 mm | E78: =((J8*0.364)) | F78: m² | G78: 70000 | I78: =((G78*E78))
C79: 4 | D79: Paku sekrup | E79: =((J8*0.11)) | F79: kg | G79: 30090 | I79: =((G79*E79))
C80: 5 | D80: List gypsum profil | E80: =((J9*1.1)) | F80: m¹ | G80: 15800 | I80: =((G80*E80))
C81: 6 | D81: Paku sekrup | E81: =IFERROR(J8*0.01,0) | F81: kg | G81: 30000 | I81: =((G81*E81))
E82: Jumlah Harga Bahan | I82: =SUM(I76:J81)
B83: 0 | D83: Total Harga Tenaga Kerja dan Bahan | I83: =IFERROR((I74+I82)*B83,0)

Sheet Pengecatan
E3: AHSP SE BHINA KONSTRUKSI NO. 30 TAHUN 2025
C4: 16. | D4: PEKERJAAN PENGECATAN DINDING BARU
D5: ="Pengecatan Dinding "&J21+J22& " m²"
C6: 16.1. | D6: Dimensi Utama | J6: =E8+E9
D7: Dinding | H7: Ampig
C8: Pi | D8: Panjang Dinding Interior | E8: 36 | F8: m | G8: T2 | H8: Tinggi Ampig | J8: 2.3 | K8: m
C9: Pe | D9: Panjang Dinding Eksterior | E9: 39 | F9: m | G9: a2 | H9: Panjang Alas | J9: 9 | K9: m
C10: T | D10: Tinggi Dinding | E10: 3.8 | F10: m | H10: Jumlah Ampig | J10: 2 | K10: set
D11: Pintu | H11: Jendela
C12: a | D12: Tinggi Kusen Pintu | E12: 2.1 | F12: m | G12: m | H12: Tinggi Jendela | J12: 1.5 | K12: m
C13: b | D13: Lebar Kusen Pintu | E13: 0.9 | F13: m | G13: m.1 | H13: Lebar Jendela | J13: 0.7 | K13: m
D14: Jumlah Pintu | E14: 6 | F14: bh | H14: Jumlah Jendela | J14: 7 | K14: bh
D15: Bouvenlight | H15: Lubang Pengurang Lainnya
C16: x | D16: Lebar Bouven | E16: 0.2 | F16: m | H16: x1 | I16: Luasan 1 | J16: 0 | K16: m²
C17: y | D17: Tinggi Bouven | E17: 0.3 | F17: m | H17: x2 | I17: Luasan 2 | J17: 0 | K17: m²
D18: Jumlah Bouven | E18: 26 | F18: bh | H18: x3 | I18: Luasan 3 | J18: 0 | K18: m²
C19: 16.2 | D19: Volume Pengecatan Dinding
D20: Luas Pasangan Dinding | E20: =IFERROR(((((E8+E9)*E10)-J20)*1)+E21,0) | F20: m² | G20: Luas Pengurang Dinding | J20: =IFERROR(E12*E13*E14+J12*J13*J14+E16*E17*E18+J16+J17+J18,0) | K20: m²
D21: Luas Ampig | E21: =IFERROR((0.5*J8*J9)*J10,0) | F21: m² | G21: Luas Dinding Interior | J21: =IFERROR((E8*E10*2)-J20,0) | K21: m²
G22: Luas Dinding Eksterior | J22: =IFERROR((E9*E10+E21)-J20,0) | K22: m² | T22: =IFERROR((E8+E9)*E10,0)
C23: 16.3 | D23: Result | T23: =IFERROR((T22*2)+E21,0)
C24: 16.3.1 | D24: Pengecatan Dinding Baru Interior ( 1 lapis cat dasar, 2 lapis cat penutup)
C25: No | D25: Uraian | E25: Volume | F25: Satuan | G25: Harga Satuan (Rp) | I25: Jumlah Harga (Rp)
C26: A | D26: TENAGA KERJA
B27: 1 | C27: 1 | D27: Pekerja | E27: =IFERROR((J21*0.0667),0) | F27: OH | G27: 100000 | I27: =((G27*E27*B27))
B28: 1 | C28: 2 | D28: Tukang | E28: =((J21*0.0667)) | F28: OH | G28: 145000 | I28: =((G28*E28*B28))
B29: 1 | C29: 3 | D29: Kepala Tukang | E29: =((J21*0.0067)) | F29: OH | G29: 175000 | I29: =((G29*E29*B29))
B30: 1 | C30: 4 | D30: Mandor | E30: =((J21*0.0022)) | F30: OH | G30: 200000 | I30: =((G30*E30*B30))
E31: Jumlah Harga Tenaga Kerja | I31: =SUM(I27:J30)
C32: B | D32: BAHAN
C33: 1 | D33: Cat Dasar Interior | E33: =IFERROR(J21*0.1,0) | F33: kg | G33: 119100 | I33: =((G33*E33))
C34: 2 | D34: Cat Penutup Interior | E34: =IFERROR(J21*0.26,0) | F34: kg | G34: 130500 | I34: =((G34*E34))
E35: Jumlah Harga Bahan | I35: =SUM(I33:J34)
D36: Total Harga Tenaga Kerja dan Bahan | I36: =I31+I35
C37: 16.3.2 | D37: Pengecatan Dinding Baru Eksterior ( 1 lapis cat dasar, 2 lapis cat penutup)
C38: No | D38: Uraian | E38: Volume | F38: Satuan | G38: Harga Satuan (Rp) | I38: Jumlah Harga (Rp)
C39: A | D39: TENAGA KERJA
B40: 1 | C40: 1 | D40: Pekerja | E40: =IFERROR((J22*0.0769),0) | F40: OH | G40: 100000 | I40: =((G40*E40*B40))
B41: 1 | C41: 2 | D41: Tukang | E41: =((J22*0.0769)) | F41: OH | G41: 145000 | I41: =((G41*E41*B41))
B42: 1 | C42: 3 | D42: Kepala Tukang | E42: =((J22*0.0077)) | F42: OH | G42: 175000 | I42: =((G42*E42*B42))
B43: 1 | C43: 4 | D43: Mandor | E43: =((J22*0.0026)) | F43: OH | G43: 200000 | I43: =((G43*E43*B43))
E44: Jumlah Harga Tenaga Kerja | I44: =SUM(I40:J43)
C45: B | D45: BAHAN
C46: 1 | D46: Cat Dasar Eksterior | E46: =IFERROR(J22*0.1,0) | F46: kg | G46: 128500 | I46: =((G46*E46))
C47: 2 | D47: Cat Penutup Eksterior | E47: =IFERROR(J22*0.26,0) | F47: kg | G47: 136600 | I47: =((G47*E47))
E48: Jumlah Harga Bahan | I48: =SUM(I46:J47)
D49: Total Harga Tenaga Kerja dan Bahan | I49: =IFERROR(I44+I48,0)
D51: TOTAL HARGA PENGECATAN DINDING BARU | I51: =IFERROR(I49+I36,0)

Sheet Kelistrikan
E3: AHSP SE BHINA KONSTRUKSI NO. 30 TAHUN 2025
C4: 17. | D4: PEKERJAAN SISTEM DISTRIBUSI JARINGAN LISTRIK
D5: ="Pemasangan Instalasi Listrik "&E8*E9& " m²"
C6: 17.1 | D6: Dimensi Utama | J6: =E8+E9
C8: L | D8: Lebar bangunan | E8: 9 | F8: m | H8: Saklar tunggal | J8: 4 | K8: unit | N8: Kabel NYM 2x1,5 | O8: Kabel NYM 3x2,5 | P8: Panel kWh Meter | Q8: MCB Box | R8: FittingLamp
C9: P | D9: Panjang bangunan | E9: 12 | F9: m | H9: Saklar ganda | J9: 4 | K9: unit | N9: =E17*0.024 | O9: =E16*0.024 | P9: =E10*1.076 | Q9: =E15*0.105 | R9: =J12*0.064
D10: kWh Meter | E10: 1 | F10: unit | H10: Saklar triple | J10: 1 | K10: unit | N10: =E17*0.04 | O10: =E16*0.04 | P10: =E10*1.797 | Q10: =E15*0.175 | R10: =J12*0.107
D11: MCB (saklar pengaman) | E11: 3 | F11: unit | H11: Stop kontak | J11: 10 | K11: unit | N11: =E17*0.004 | O11: =E16*0.004 | P11: =E10*0.18 | Q11: =E15*0.017 | R11: =J12*0.011
D12: Grounding (pembumian) | E12: 1 | F12: unit | H12: Fitting lampu | J12: =J8+(J9*2)+J10*3 | K12: unit | N12: =E17*0.001 | O12: =E16*0.001 | P12: =E10*0.06 | Q12: =E15*0.006 | R12: =J12*0.004
C13: 17.2 | D13: Volume | N13: Saklar Tunggal | O13: Saklar Ganda | P13: Saklar Triple | Q13: Stop Kontak | R13: Grounding
D14: Jumlah kWh Meter | E14: =E10 | F14: unit | H14: Jumlah saklar | J14: =IFERROR(J8+(J9*2)+J10*3,0) | K14: unit | N14: =J8*0.031 | O14: =J9*0.031 | P14: =J10*0.031 | Q14: =J11*0.026 | R14: =J15*0.19
D15: Jumlah MCB | E15: =E11 | F15: unit | G15: Grounding (pembumian) | J15: =E12 | K15: unit | N15: =J8*0.052 | O15: =J9*0.052 | P15: =J10*0.052 | Q15: =J11*0.044 | R15: =J15*0.318
D16: Kabel NYM 3 x 2,5 mm² | E16: =IFERROR((E8+E9)*2*(2)*120%,0) | F16: m¹ | N16: =J8*0.005 | O16: =J9*0.005 | P16: =J10*0.005 | Q16: =J11*0.004 | R16: =J15*0.032
D17: Kabel NYM 2 x 1,5 mm² | E17: =IFERROR((J11+J12+J14)*4*120%,0) | F17: m¹ | N17: =J8*0.002 | O17: =J9*0.002 | P17: =J10*0.002 | Q17: =J11*0.001 | R17: =J15*0.011
P18: Jumlah saklar
C19: 17.3 | D19: RESULT | O19: =IFERROR(N9+O9+P9+Q9+R9+N14+O14+P14+Q14+R14,0) | P19: =IFERROR(J9+J10+J11,0)
C20: 17.3.1 | D20: Pekerjaan Instalasi Listrik | O20: =IFERROR(N10+O10+P10+Q10+R10+N15+O15+P15+Q15+R15,0)
C21: No | D21: Uraian | E21: Volume | F21: Satuan | G21: Harga Satuan (Rp) | I21: Jumlah Harga (Rp)
C22: A | D22: TENAGA KERJA | O22: =IFERROR(N11+O11+P11+Q11+R11+N16+O16+P16+Q16+R16,0)
B23: 1 | C23: 1 | D23: Pekerja | E23: =O19 | F23: OH | G23: 100000 | I23: =((G23*E23*B23)) | O23: =IFERROR(N12+O12+P12+Q12+R12+N17+O17+P17+Q17+R17,0)
B24: 1 | C24: 2 | D24: Tukang Listrik | E24: =O20 | F24: OH | G24: 145000 | I24: =((G24*E24*B24))
B25: 0 | C25: 3 | D25: Kepala Tukang | E25: =O22 | F25: OH | G25: 175000 | I25: =((G25*E25*B25))
B26: 0 | C26: 4 | D26: Mandor | E26: =O23 | F26: OH | G26: 200000 | I26: =((G26*E26*B26))
E27: Jumlah Harga Tenaga Kerja | I27: =SUM(I23:J26)
C28: B | D28: BAHAN
C29: 1 | D29: Panel kWh Meter | E29: =E14 | F29: unit | G29: 2500000 | I29: =((G29*E29))
C30: 2 | D30: =D16 | E30: =IFERROR(E16*1.2,0) | F30: m¹ | G30: 21300 | I30: =((G30*E30))
C31: 3 | D31: =D17 | E31: =((E17*1.2)) | F31: m¹ | G31: 8800 | I31: =((G31*E31))
C32: 4 | D32: =D11 | E32: =E11 | F32: unit | G32: 70000 | I32: =((G32*E32))
C33: 5 | D33: MCB Box | E33: 1 | F33: unit | G33: 450000 | I33: =((G33*E33))
C34: 6 | D34: =H8 | E34: =IFERROR(J8*1.1,0) | F34: unit | G34: 24000 | I34: =((G34*E34))
C35: 7 | D35: =H9 | E35: =J9 | F35: unit | G35: 33000 | I35: =((G35*E35))
C36: 8 | D36: =H10 | E36: =J10 | F36: unit | G36: 76000 | I36: =((G36*E36))
C37: 9 | D37: =H11 | E37: =J11 | F37: unit | G37: 70000 | I37: =((G37*E37))
C38: 10 | D38: Conduit HI 20 mm | E38: =P19*14.3 | F38: m¹ | G38: 4000 | I38: =((G38*E38))
C39: 11 | D39: Socket Conduit 20 mm | E39: =P19*8 | F39: buah | G39: 700 | I39: =((G39*E39))
C40: 12 | D40: Klem 20 mm | E40: =P19*8 | F40: buah | G40: 298 | I40: =((G40*E40))
C41: 13 | D41: Elbow | E41: =P19*4 | F41: buah | G41: 550 | I41: =((G41*E41))
C42: 14 | D42: T Dus | E42: =(P19*1)+2 | F42: buah | G42: 4000 | I42: =((G42*E42))
C43: 15 | D43: Lasdop | E43: =P19*4 | F43: buah | G43: 580 | I43: =((G43*E43))
C44: 16 | D44: Grounding Rod Gip 1"(2m) | E44: =J15 | F44: unit | G44: 285000 | I44: =((G44*E44))
E45: Jumlah Harga Bahan | I45: =SUM(I29:J44)
D46: Total Harga Tenaga Kerja dan Bahan | I46: =I27+I45
D48: TOTAL HARGA PEKERJAAN INSTALASI LISTRIK | I48: =IFERROR(I46,0)

Sheet Instalasi Air Bersih
E3: AHSP SE BHINA KONSTRUKSI NO. 30 TAHUN 2025
C4: 18. | D4: PEKERJAAN INSTALASI AIR BERSIH
D5: ="Pemasangan Instalasi Air Bersih "&E8*E9& " m²"
C6: 18.1 | D6: Dimensi Utama | J6: =E8+E9 | M6: Wastafel | N6: Pompa air | O6: Pipa 1,5" | P6: 3,4" | Q6: Water meter 3/4
C8: P | D8: Panjang bangunan | E8: 12 | F8: m | H8: Tangki Air/Toren | J8: 1 | K8: unit | M8: =J11*1 | N8: =J9*0.625 | O8: =E16*0.017 | P8: =E17*0.024 | Q8: =E10*0.079 | R8: =((M8+N8+O8+P8+Q8))
C9: L | D9: Lebar bangunan | E9: 9 | F9: m | H9: Pompa Air | J9: 1 | K9: unit | M9: =J11*0.5 | N9: =J9*1.044 | O9: =E16*0.028 | P9: =E17*0.04 | Q9: =E10*0.131 | R9: =((M9+N9+O9+P9+Q9))
D10: Meteran Air | E10: 1 | F10: unit | H10: Bak Cuci Piring | J10: 1 | K10: unit | M10: =J11*0.05 | N10: =J9*0.104 | O10: =E16*0.003 | P10: =E17*0.004 | Q10: =E10*0.013 | R10: =((M10+N10+O10+P10+Q10))
D11: Keran Air Standar | E11: 5 | F11: buah | H11: Jumlah Wastafel | J11: 1 | K11: unit | M11: =J11*0.0167 | N11: =J9*0.031 | O11: =E16*0.01 | P11: =E17*0.001 | Q11: =E10*0.004 | R11: =((M11+N11+O11+P11+Q11))
H12: Ball Velve 1/2 Inch | J12: 1 | K12: buah | M12: Bak Cuci Piring | N12: Kran Air | O12: ball velve 1/2" | P12: ball velve 3/4" | Q12: Torn air
H13: Ball Velve 3/4 Inch | J13: 1 | K13: buah | M13: =J10*0.05 | N13: =E11*0.01 | O13: =J12*0.052 | P13: =J13*0.079 | Q13: =J8*0.129 | R13: =((M13+N13+O13+P13+Q13))
C14: 18.2 | D14: Volume | M14: =J10*0.5 | N14: =E11*0.4 | O14: =J12*0.087 | P14: =J13*0.131 | Q14: =J8*0.215 | R14: =((M14+N14+O14+P14+Q14))
D15: Jumlah Tingkat | E15: 1 | F15: Lantai | M15: =J10*0.05 | N15: =E11*0.04 | O15: =J12*0.009 | P15: =J13*0.013 | Q15: =J8*0.021 | R15: =((M15+N15+O15+P15+Q15))
D16: Pipa PVC 1/2 Inch | E16: =IFERROR((E8+2*E9+3*(E11+J11)),0) | F16: m | M16: =J10*0.0167 | N16: =E11*0.0133 | O16: =J12*0.003 | P16: =J13*0.004 | Q16: =J8*0.006 | R16: =((M16+N16+O16+P16+Q16))
D17: Pipa PVC 3/4 Inch | E17: =IFERROR((E8+E9)*E15+10*J8,0) | F17: m
C19: 18.3 | D19: RESULT
C20: 18.3.1 | D20: Pekerjaan Instalasi Air Bersih
C21: No | D21: Uraian | E21: Volume | F21: Satuan | G21: Harga Satuan (Rp) | I21: Jumlah Harga (Rp)
C22: A | D22: TENAGA KERJA
B23: 1 | C23: 1 | D23: Pekerja | E23: =IFERROR(R8+R13,0) | F23: OH | G23: 100000 | I23: =((G23*E23*B23))
B24: 1 | C24: 2 | D24: Tukang | E24: =IFERROR(R9+R14,0) | F24: OH | G24: 145000 | I24: =((G24*E24*B24))
B25: 1 | C25: 3 | D25: Kepala Tukang | E25: =IFERROR(R10+R15,0) | F25: OH | G25: 175000 | I25: =((G25*E25*B25))
B26: 1 | C26: 4 | D26: Mandor | E26: =IFERROR(R11+R16,0) | F26: OH | G26: 200000 | I26: =((G26*E26*B26))
E27: Jumlah Harga Tenaga Kerja | I27: =SUM(I23:J26)
C28: B | D28: BAHAN
C29: 1 | D29: Meteran Air 3/4" (20mm) | E29: =E10 | F29: unit | G29: 655914 | I29: =((G29*E29))
C30: 2 | D30: Pipa PVC 1/2" + aksesoris | E30: =IFERROR(E16*1.45,0) | F30: m¹ | G30: 7100 | I30: =((G30*E30))
C31: 3 | D31: Pipa PVC 3/4" + aksesoris | E31: =((E17*1.45)) | F31: m¹ | G31: 9300 | I31: =((G31*E31))
C32: 4 | D32: =H12 | E32: =E10 | F32: buah | G32: 25000 | I32: =((G32*E32))
C33: 5 | D33: =H13 | E33: 1 | F33: buah | G33: 36750 | I33: =((G33*E33))
C34: 6 | D34: Toren Air (0,7 m3) | E34: 1 | F34: unit | G34: 1100000 | I34: =((G34*E34))
C35: 7 | D35: Pompa Lift 80 LPM | E35: =J8 | F35: unit | G35: 1245000 | I35: =((G35*E35))
C36: 8 | D36: Keran Air | E36: =E11 | F36: buah | G36: 41700 | I36: =((G36*E36))
C37: 9 | D37: Sealtape | E37: =E11*0.1 | F37: buah | G37: 5700 | I37: =((G37*E37))
E38: Jumlah Harga Bahan | I38: =SUM(I29:J37)
C39: C | D39: WASTAFEL
C40: 1 | D40: Wastafel | E40: =J11 | F40: buah | G40: 325000 | I40: =((G40*E40))
C41: 2 | D41: Semen Portland | E41: =IFERROR(J11*6,0) | F41: kg | G41: 1300 | I41: =((G41*E41))
C42: 3 | D42: Pasir Pasang | E42: =IFERROR(J11*0.01,0) | F42: m³ | G42: 275000 | I42: =((G42*E42))
E43: Jumlah Harga Bahan | I43: =SUM(I40:J42)
C44: D | D44: BAK CUCI PIRING
C45: 1 | D45: Bak Cuci Teraso | E45: =J10 | F45: buah | G45: 600000 | I45: =((G45*E45))
C46: 2 | D46: Water Drain | E46: =E45 | F46: buah | G46: 321000 | I46: =((G46*E46))
C47: 3 | D47: Semen Portland | E47: =IFERROR(J10*20,0) | F47: kg | G47: 1300 | I47: =((G47*E47))
C48: 4 | D48: Pasir Pasang | E48: =IFERROR(J10*0.05,0) | F48: m³ | G48: 275000 | I48: =((G48*E48))
E49: Jumlah Harga Bahan | I49: =SUM(I45:J48)
D50: Total Harga Tenaga Kerja dan Bahan | I50: =IFERROR(I27+I38+I43+I49,0)
D52: TOTAL HARGA PEKERJAAN INSTALASI AIR BERSIH | I52: =IFERROR(I50,0)

Sheet Sanitair
E3: AHSP SE BHINA KONSTRUKSI NO. 30 TAHUN 2025
C4: 19. | D4: PEKERJAAN SANITASI & AIR LIMBAH
C6: 19.1. | D6: Dimensi Utama | J6: =E8+E9
C8: P | D8: Pipa Air Limbah (3") | E8: 26 | F8: m | H8: Floor Drain | J8: 3 | K8: buah
C9: L | D9: Jarak Septic Tank ke WC | E9: 10 | F9: m | H9: Bak Kontrol | J9: 2 | K9: unit
D10: Kloset Duduk | E10: 1 | F10: unit | H10: Sumur Resapan | J10: 1 | K10: unit
D11: Kloset Jongkok | E11: 1 | F11: unit
C13: 19.2. | D13: Volume
D14: Pipa Limbah 3" | E14: =IFERROR(E8*120%,0) | F14: m
D15: Pipa Kloset 4" | E15: =IFERROR(E9*120%,0) | F15: m
C17: 19.3. | D17: Result
C18: 19.3.1 | D18: Pekerjaan Pemasangan Kloset Duduk
C19: No | D19: Uraian | E19: Volume | F19: Satuan | G19: Harga Satuan (Rp) | I19: Jumlah Harga (Rp)
C20: A | D20: TENAGA KERJA
B21: 1 | C21: 1 | D21: Pekerja | E21: =IFERROR(E10*0.5,0) | F21: OH | G21: 100000 | I21: =((G21*E21*B21))
B22: 1 | C22: 2 | D22: Tukang | E22: =IFERROR(E10*1.2,0) | F22: OH | G22: 145000 | I22: =((G22*E22*B22))
B23: 1 | C23: 3 | D23: Kepala Tukang | E23: =IFERROR(E10*0.12,0) | F23: OH | G23: 175000 | I23: =((G23*E23*B23))
B24: 1 | C24: 4 | D24: Mandor | E24: =IFERROR(E10*0.04,0) | F24: OH | G24: 200000 | I24: =((G24*E24*B24))
E25: Jumlah Harga Tenaga Kerja | I25: =SUM(I21:J24)
C26: B | D26: BAHAN
C27: 1 | D27: Kloset duduk/monoblok | E27: =E10 | F27: unit | G27: 1490000 | I27: =((G27*E27))
C28: 2 | D28: Flexible hose | E28: =((E10*1)) | F28: buah | G28: 55000 | I28: =((G28*E28))
E29: Jumlah Harga Bahan | I29: =SUM(I27:J28)
D30: Jumlah Total Harga Tenaga Kerja dan Bahan | I30: =IFERROR(I25+I29,0)
C32: 19.3.2 | D32: Pekerjaan Pemasangan Kloset Jongkok | M32: 19.3.5 | N32: Pekerjaan Sumur Resapan Air Limbah Diameter 80 cm, T=100 cm
C33: No | D33: Uraian | E33: Volume | F33: Satuan | G33: Harga Satuan (Rp) | I33: Jumlah Harga (Rp) | M33: No | N33: Uraian | O33: Volume | P33: Satuan | Q33: Harga Satuan (Rp) | S33: Jumlah Harga (Rp)
C34: A | D34: TENAGA KERJA | M34: A | N34: TENAGA KERJA
B35: 1 | C35: 1 | D35: Pekerja | E35: =IFERROR(E11*0.5,0) | F35: OH | G35: 100000 | I35: =((G35*E35*B35)) | L35: 1 | M35: 1 | N35: Pekerja | O35: =IFERROR(J10*0.121,0) | P35: OH | Q35: 100000 | S35: =((Q35*O35*L35))
B36: 1 | C36: 2 | D36: Tukang | E36: =IFERROR(E11*0.5,0) | F36: OH | G36: 145000 | I36: =((G36*E36*B36)) | L36: 1 | M36: 2 | N36: Tukang | O36: =IFERROR(J10*0.203,0) | P36: OH | Q36: 145000 | S36: =((Q36*O36*L36))
B37: 1 | C37: 3 | D37: Kepala Tukang | E37: =IFERROR(E11*0.05,0) | F37: OH | G37: 175000 | I37: =((G37*E37*B37)) | L37: 1 | M37: 3 | N37: Kepala Tukang | O37: =IFERROR(J10*0.02,0) | P37: OH | Q37: 175000 | S37: =((Q37*O37*L37))
B38: 1 | C38: 4 | D38: Mandor | E38: =IFERROR(E11*0.0167,0) | F38: OH | G38: 200000 | I38: =((G38*E38*B38)) | L38: 1 | M38: 4 | N38: Mandor | O38: =IFERROR(J10*0.006,0) | P38: OH | Q38: 200000 | S38: =((Q38*O38*L38))
E39: Jumlah Harga Tenaga Kerja | I39: =SUM(I35:J38) | O39: Jumlah Harga Tenaga Kerja | S39: =SUM(S35:T38)
C40: B | D40: BAHAN | M40: B | N40: BAHAN
C41: 1 | D41: Kloset jongkok | E41: =E11 | F41: unit | G41: 250000 | I41: =((G41*E41)) | M41: 1 | N41: Galian tanah biasa | O41: =IFERROR(J10*2,0) | P41: m³ | Q41: 45000 | S41: =((Q41*O41))
C42: 2 | D42: Pasangan bata 1:3 | E42: =IFERROR(E11*0.036,0) | F42: m² | G42: 128600 | I42: =((G42*E42)) | M42: 2 | N42: Buis beton dia. 80 cm | O42: =IFERROR(J10*2,0) | P42: buah | Q42: 255400 | S42: =((Q42*O42))
E43: Jumlah Harga Bahan | I43: =SUM(I41:J42) | M43: 3 | N43: Ijuk | O43: =IFERROR(J10*9,0) | P43: kg | Q43: 7000 | S43: =((Q43*O43))
D44: Jumlah Total Harga Tenaga Kerja dan Bahan | I44: =IFERROR(I39+I43,0) | M44: 4 | N44: Kerikil | O44: =IFERROR(J10*0.502,0) | P44: m³ | Q44: 352300 | S44: =((Q44*O44))
M45: C | N45: TUTUP BETON BERTULANG
C46: 19.3.3 | D46: Pekerjaan Pemasangan Pipa PVC AW 3" dan 4" | M46: 1 | N46: Beton | O46: =IFERROR(J10*0.05,0) | P46: m³ | Q46: 825000 | S46: =((Q46*O46))
C47: No | D47: Uraian | E47: Volume | F47: Satuan | G47: Harga Satuan (Rp) | I47: Jumlah Harga (Rp) | M47: 2 | N47: Tulangan | O47: =IFERROR(J10*5.024,0) | P47: kg | Q47: 10300 | S47: =((Q47*O47))
C48: A | D48: TENAGA KERJA | M48: 3 | N48: Bekisting | O48: =IFERROR(J10*0.502,0) | P48: m² | Q48: 37500 | S48: =((Q48*O48))
B49: 1 | C49: 1 | D49: Pekerja | E49: =IFERROR((E14+E15)*0.217,0) | F49: OH | G49: 100000 | I49: =((G49*E49*B49)) | M49: 4 | N49: Pipa PVC D Ø 4" | O49: =IFERROR(J10*1.2,0) | P49: m¹ | Q49: 39575 | S49: =((Q49*O49))
B50: 1 | C50: 2 | D50: Tukang | E50: =IFERROR((E14+E15)*0.362,0) | F50: OH | G50: 145000 | I50: =((G50*E50*B50)) | O50: Jumlah Harga Bahan | S50: =IFERROR(S41+S42+S43+S44+S46+S47+S48+S49,0)
B51: 1 | C51: 3 | D51: Kepala Tukang | E51: =IFERROR((E14+E15)*0.037,0) | F51: OH | G51: 175000 | I51: =((G51*E51*B51)) | N51: Total Harga Tenaga Kerja dan Bahan | S51: =IFERROR(S39+S50,0)
B52: 1 | C52: 4 | D52: Mandor | E52: =IFERROR((E14+E15)*0.011,0) | F52: OH | G52: 200000 | I52: =((G52*E52*B52))
E53: Jumlah Harga Tenaga Kerja | I53: =SUM(I49:J52) | M53: 19.3.6 | N53: Pekerjaan Bak Kontrol Pas. Bata 45x45 cm Tinggi 50 cm dengan Tutup Beton
C54: B | D54: BAHAN | M54: No | N54: Uraian | O54: Volume | P54: Satuan | Q54: Harga Satuan (Rp) | S54: Jumlah Harga (Rp)
C55: 1 | D55: Pipa PVC 3" + Aksesoris | E55: =E14 | F55: m | G55: 53000 | I55: =((G55*E55)) | M55: A | N55: TENAGA KERJA
C56: 2 | D56: Pipa PVC 4" + Aksesoris | E56: =E15 | F56: m | G56: 74000 | I56: =((G56*E56)) | L56: 1 | M56: 1 | N56: Pekerja | O56: =IFERROR(J9*3.2,0) | P56: OH | Q56: 100000 | S56: =((Q56*O56*L56))
E57: Jumlah Harga Bahan | I57: =SUM(I55:J56) | L57: 1 | M57: 2 | N57: Tukang | O57: =IFERROR(J9*1.15,0) | P57: OH | Q57: 145000 | S57: =((Q57*O57*L57))
D58: Jumlah Total Harga Tenaga Kerja dan Bahan | I58: =IFERROR(I53+I57,0) | L58: 1 | M58: 3 | N58: Kepala Tukang | O58: =IFERROR(J9*0.011,0) | P58: OH | Q58: 175000 | S58: =((Q58*O58*L58))
L59: 1 | M59: 4 | N59: Mandor | O59: =IFERROR(J9*0.016,0) | P59: OH | Q59: 200000 | S59: =((Q59*O59*L59))
C60: 19.3.4 | D60: Pekerjaan Pemasangan Floor Drain Stainless Steel | O60: Jumlah Harga Tenaga Kerja | S60: =SUM(S56:T59)
C61: No | D61: Uraian | E61: Volume | F61: Satuan | G61: Harga Satuan (Rp) | I61: Jumlah Harga (Rp) | M61: B | N61: BAHAN
C62: A | D62: TENAGA KERJA | M62: 1 | N62: Bata Merah | O62: =IFERROR(J9*70,0) | P62: buah | Q62: 700 | S62: =((Q62*O62))
B63: 1 | C63: 1 | D63: Pekerja | E63: =IFERROR(J8*0.01,0) | F63: OH | G63: 100000 | I63: =((G63*E63*B63)) | M63: 2 | N63: Semen Portland (50kg) | O63: =IFERROR(J9*77/50,0) | P63: sak | Q63: 65000 | S63: =((Q63*O63))
B64: 1 | C64: 2 | D64: Tukang | E64: =IFERROR(J8*0.1,0) | F64: OH | G64: 145000 | I64: =((G64*E64*B64)) | M64: 3 | N64: Pasir Pasang | O64: =IFERROR(J9*0.13,0) | P64: m³ | Q64: 275000 | S64: =((Q64*O64))
B65: 1 | C65: 3 | D65: Kepala Tukang | E65: =IFERROR(J8*0.01,0) | F65: OH | G65: 175000 | I65: =((G65*E65*B65)) | M65: 4 | N65: Pasir Beton | O65: =IFERROR(J9*0.09,0) | P65: m³ | Q65: 370200 | S65: =((Q65*O65))
B66: 1 | C66: 4 | D66: Mandor | E66: =IFERROR(J8*0.0033,0) | F66: OH | G66: 200000 | I66: =((G66*E66*B66)) | M66: 5 | N66: Batu split 1/2 | O66: =IFERROR(J9*0.02,0) | P66: m³ | Q66: 370200 | S66: =((Q66*O66))
E67: Jumlah Harga Tenaga Kerja | I67: =SUM(I63:J66) | M67: 6 | N67: BjTP (Baja Tulangan Polos) | O67: =IFERROR(J9*2.6,0) | P67: kg | Q67: 14250 | S67: =((Q67*O67))
C68: B | D68: BAHAN | O68: Jumlah Harga Bahan | S68: =SUM(S62:T67)
C69: 1 | D69: Floor Drain Stainless Steel | E69: =J8 | F69: buah | G69: 44700 | I69: =((G69*E69)) | N69: Total Harga Tenaga Kerja dan Bahan | S69: =IFERROR(S60+S68,0)
E71: Jumlah Harga Bahan | I71: =SUM(I69:J70) | N71: TOTAL HARGA PEKERJAAN SANITASI & AIR LIMBAH | S71: =IFERROR(I30+I44+I58+I72+S51+S69,0)
D72: Jumlah Total Harga Tenaga Kerja dan Bahan | I72: =IFERROR(I67+I71,0)

Sheet Rekap RAB
B3: REKAP
B4: RENCANA ANGGARAN BIAYA (RAB)
B8: No | C8: Uraian Pekerjaan | G8: Jumlah (Rp)
B10: A | C10: B | G10: C
B11: 1 | C11: PEKERJAAN BOWPLANK | G11: =Bowplank!R19
B12: 2 | C12: PEKERJAAN PEMASANGAN PONDASI BATU BELAH | G12: =Pondasi!R27
B13: 3 | C13: PEKERJAAN PEMASANGAN PONDASI TAPAK | G13: ='Foot Plate'!R35
B14: 4 | C14: PEKERJAAN SLOOF BETON | G14: =Sloof!R27
B15: 5 | C15: PEKERJAAN KOLOM BETON | G15: =Kolom!R29
B16: 6 | C16: PEKERJAAN BALOK BETON | G16: =Balok!R29
B17: 7 | C17: PEKERJAAN PASANGAN DINDING BATA RINGAN | G17: ='Bata Ringan'!Q26
B18: 8 | C18: PEKERJAAN PASANGAN DINDING BATA MERAH | G18: ='Bata Merah'!Q27
B19: 9 | C19: PEKERJAAN PASANGAN DINDING BATAKO | G19: =Batako!Q26
B20: 10 | C20: PEKERJAAN PINTU & JENDELA | G20: ='Pintu & Jendela'!Q30
B21: 11 | C21: PEKERJAAN ATAP BAJA RINGAN | G21: ='Atap Baja Ringan'!R27
B22: 12 | C22: PEKERJAAN PLESTERAN & ACIAN | G22: ='Plesteran & Acian'!Q28
B23: 13 | C23: PEKERJAAN PENUTUP LANTAI | G23: ='Penutup Lantai'!Q35
B24: 14 | C24: PEKERJAAN PENUTUP DINDING | G24: ='Penutup Dinding'!Q29
B25: 15 | C25: PEKERJAAN PLAFON | G25: =Plafon!S63
B26: 16 | C26: PEKERJAAN PENGECATAN DINDING | G26: =Pengecatan!I51
B27: 17 | C27: PEKERJAAN KELISTRIKAN | G27: =Kelistrikan!I48
B28: 18 | C28: PEKERJAAN INSTALASI AIR BERSIH | G28: ='Instalasi Air Bersih'!I52
B29: 19 | C29: PEKERJAAN SANITASI & AIR LIMBAH | G29: =Sanitair!S71
F30: Jumlah | G30: =SUM(G11:G29)

Sheet FORMULA_SPEC
A1: Sheet | B1: Cell | C1: Formula | D1: Formula Type | E1: Source
A2: Bowplank | B2: I9 | C2: =IFERROR(D9*D10,0) | D2: error-suppressed-source-formula | E2: Uploaded reference workbook
A3: Bowplank | B3: O9 | C3: =IFERROR(H44+H55,0) | D3: error-suppressed-source-formula | E3: Uploaded reference workbook
A4: Bowplank | B4: R9 | C4: =IFERROR((Q9*O9)*L9,0) | D4: error-suppressed-source-formula | E4: Uploaded reference workbook
A5: Bowplank | B5: I10 | C5: =IFERROR(2*(D9+D10+2*D11),0) | D5: error-suppressed-source-formula | E5: Uploaded reference workbook
A6: Bowplank | B6: O10 | C6: =H45 | D6: formula | E6: Uploaded reference workbook
A7: Bowplank | B7: R10 | C7: =IFERROR((Q10*O10)*L10,0) | D7: error-suppressed-source-formula | E7: Uploaded reference workbook
A8: Bowplank | B8: I11 | C8: =(I10/D13+1)*(D12+0.3)*105% | D8: formula | E8: Uploaded reference workbook
A9: Bowplank | B9: O11 | C9: =H46 | D9: formula | E9: Uploaded reference workbook
A10: Bowplank | B10: R11 | C10: =IFERROR((Q11*O11)*L11,0) | D10: error-suppressed-source-formula | E10: Uploaded reference workbook
A11: Bowplank | B11: I12 | C11: =I10*105% | D11: formula | E11: Uploaded reference workbook
A12: Bowplank | B12: O12 | C12: =IFERROR(H47+H56,0) | D12: error-suppressed-source-formula | E12: Uploaded reference workbook
A13: Bowplank | B13: R12 | C13: =IFERROR((Q12*O12)*L12,0) | D13: error-suppressed-source-formula | E13: Uploaded reference workbook
A14: Bowplank | B14: I13 | C14: =(0.5*D12*2)*(I10/D13)/2*105% | D14: formula | E14: Uploaded reference workbook
A15: Bowplank | B15: R13 | C15: =SUM(R9:R12) | D15: formula | E15: Uploaded reference workbook
A16: Bowplank | B16: M15 | C16: =C49 | D16: formula | E16: Uploaded reference workbook
A17: Bowplank | B17: O15 | C17: =H49 | D17: formula | E17: Uploaded reference workbook
A18: Bowplank | B18: R15 | C18: =IFERROR(Q15*O15,0) | D18: error-suppressed-source-formula | E18: Uploaded reference workbook
A19: Bowplank | B19: M16 | C19: =C50 | D19: formula | E19: Uploaded reference workbook
A20: Bowplank | B20: O16 | C20: =H50 | D20: formula | E20: Uploaded reference workbook
A21: Bowplank | B21: R16 | C21: =IFERROR(Q16*O16,0) | D21: error-suppressed-source-formula | E21: Uploaded reference workbook
A22: Bowplank | B22: M17 | C22: =C51 | D22: formula | E22: Uploaded reference workbook
A23: Bowplank | B23: O17 | C23: =H51 | D23: formula | E23: Uploaded reference workbook
A24: Bowplank | B24: R17 | C24: =IFERROR(Q17*O17,0) | D24: error-suppressed-source-formula | E24: Uploaded reference workbook
A25: Bowplank | B25: R18 | C25: =SUM(R15:R17) | D25: formula | E25: Uploaded reference workbook
A26: Bowplank | B26: R19 | C26: =IFERROR(R13+R18,0) | D26: error-suppressed-source-formula | E26: Uploaded reference workbook
A27: Bowplank | B27: H44 | C27: =IFERROR(I10*D44,0) | D27: error-suppressed-source-formula | E27: Uploaded reference workbook
A28: Bowplank | B28: H45 | C28: =IFERROR(I10*D45,0) | D28: error-suppressed-source-formula | E28: Uploaded reference workbook
A29: Bowplank | B29: H46 | C29: =IFERROR(I10*D46,0) | D29: error-suppressed-source-formula | E29: Uploaded reference workbook
A30: Bowplank | B30: H47 | C30: =IFERROR(I10*D47,0) | D30: error-suppressed-source-formula | E30: Uploaded reference workbook
A31: Bowplank | B31: H49 | C31: =IFERROR(0.0045*(I11+I13),0) | D31: error-suppressed-source-formula | E31: Uploaded reference workbook
A32: Bowplank | B32: H50 | C32: =IFERROR(I12*D50,0) | D32: error-suppressed-source-formula | E32: Uploaded reference workbook
A33: Bowplank | B33: H51 | C33: =IFERROR(I10*D51,0) | D33: error-suppressed-source-formula | E33: Uploaded reference workbook
A34: Bowplank | B34: H55 | C34: =IFERROR(I9*D55,0) | D34: error-suppressed-source-formula | E34: Uploaded reference workbook
A35: Bowplank | B35: H56 | C35: =IFERROR(I9*D56,0) | D35: error-suppressed-source-formula | E35: Uploaded reference workbook
A36: Pondasi | B36: I9 | C36: =IF(D9=D10,SUM((D9*D11)*D12),SUM((D9+D10)/2)*D11*D12) | D36: formula | E36: Uploaded reference workbook
A37: Pondasi | B37: O9 | C37: =I71 | D37: formula | E37: Uploaded reference workbook
A38: Pondasi | B38: R9 | C38: =IFERROR((Q9*O9)*L9,0) | D38: error-suppressed-source-formula | E38: Uploaded reference workbook
A39: Pondasi | B39: I10 | C39: =IF(D14=D15,SUM((D14*D16)*D12),SUM((D14+D15)/2)*D16*D12) | D39: formula | E39: Uploaded reference workbook
A40: Pondasi | B40: O10 | C40: =I72 | D40: formula | E40: Uploaded reference workbook
A41: Pondasi | B41: R10 | C41: =IFERROR((Q10*O10)*L10,0) | D41: error-suppressed-source-formula | E41: Uploaded reference workbook
A42: Pondasi | B42: I11 | C42: =IFERROR(D12*D10*D17,0) | D42: error-suppressed-source-formula | E42: Uploaded reference workbook
A43: Pondasi | B43: O11 | C43: =I73 | D43: formula | E43: Uploaded reference workbook
A44: Pondasi | B44: R11 | C44: =IFERROR((Q11*O11)*L11,0) | D44: error-suppressed-source-formula | E44: Uploaded reference workbook
A45: Pondasi | B45: I12 | C45: =IFERROR(D10*D18*D12,0) | D45: error-suppressed-source-formula | E45: Uploaded reference workbook
A46: Pondasi | B46: O12 | C46: =I74 | D46: formula | E46: Uploaded reference workbook
A47: Pondasi | B47: R12 | C47: =IFERROR((Q12*O12)*L12,0) | D47: error-suppressed-source-formula | E47: Uploaded reference workbook
A48: Pondasi | B48: R13 | C48: =SUM(R9:R12) | D48: formula | E48: Uploaded reference workbook
A49: Pondasi | B49: I15 | C49: =IFERROR(D22*D23*D20,0) | D49: error-suppressed-source-formula | E49: Uploaded reference workbook
A50: Pondasi | B50: O15 | C50: =I12 | D50: formula | E50: Uploaded reference workbook
A51: Pondasi | B51: R15 | C51: =IFERROR(Q15*O15,0) | D51: error-suppressed-source-formula | E51: Uploaded reference workbook
A52: Pondasi | B52: I16 | C52: =IFERROR(D21*I9,0) | D52: error-suppressed-source-formula | E52: Uploaded reference workbook
A53: Pondasi | B53: O16 | C53: =H116 | D53: formula | E53: Uploaded reference workbook
A54: Pondasi | B54: R16 | C54: =IFERROR(Q16*O16,0) | D54: error-suppressed-source-formula | E54: Uploaded reference workbook
A55: Pondasi | B55: I17 | C55: =I9 | D55: formula | E55: Uploaded reference workbook
A56: Pondasi | B56: O17 | C56: =H76 | D56: formula | E56: Uploaded reference workbook
A57: Pondasi | B57: R17 | C57: =IFERROR(Q17*O17,0) | D57: error-suppressed-source-formula | E57: Uploaded reference workbook
A58: Pondasi | B58: M19 | C58: =C85 | D58: formula | E58: Uploaded reference workbook
A59: Pondasi | B59: O19 | C59: =H85 | D59: formula | E59: Uploaded reference workbook
A60: Pondasi | B60: R19 | C60: =IFERROR(Q19*O19,0) | D60: error-suppressed-source-formula | E60: Uploaded reference workbook
A61: Pondasi | B61: M20 | C61: =C86 | D61: formula | E61: Uploaded reference workbook
A62: Pondasi | B62: O20 | C62: =H86 | D62: formula | E62: Uploaded reference workbook
A63: Pondasi | B63: R20 | C63: =IFERROR(Q20*O20,0) | D63: error-suppressed-source-formula | E63: Uploaded reference workbook
A64: Pondasi | B64: M21 | C64: =C87 | D64: formula | E64: Uploaded reference workbook
A65: Pondasi | B65: O21 | C65: =H87 | D65: formula | E65: Uploaded reference workbook
A66: Pondasi | B66: R21 | C66: =IFERROR(Q21*O21,0) | D66: error-suppressed-source-formula | E66: Uploaded reference workbook
A67: Pondasi | B67: M23 | C67: =C95 | D67: formula | E67: Uploaded reference workbook
A68: Pondasi | B68: O23 | C68: =H95 | D68: formula | E68: Uploaded reference workbook
A69: Pondasi | B69: R23 | C69: =IFERROR(Q23*O23,0) | D69: error-suppressed-source-formula | E69: Uploaded reference workbook
A70: Pondasi | B70: M24 | C70: =C96 | D70: formula | E70: Uploaded reference workbook
A71: Pondasi | B71: O24 | C71: =H96 | D71: formula | E71: Uploaded reference workbook
A72: Pondasi | B72: R24 | C72: =IFERROR(Q24*O24,0) | D72: error-suppressed-source-formula | E72: Uploaded reference workbook
A73: Pondasi | B73: M25 | C73: =C97 | D73: formula | E73: Uploaded reference workbook
A74: Pondasi | B74: O25 | C74: =H97 | D74: formula | E74: Uploaded reference workbook
A75: Pondasi | B75: R25 | C75: =IFERROR(Q25*O25,0) | D75: error-suppressed-source-formula | E75: Uploaded reference workbook
A76: Pondasi | B76: R26 | C76: =IFERROR(R15+R16+R17+R19+R20+R21+R23+R24+R25,0) | D76: error-suppressed-source-formula | E76: Uploaded reference workbook
A77: Pondasi | B77: R27 | C77: =IFERROR(R26+R13,0) | D77: error-suppressed-source-formula | E77: Uploaded reference workbook
A78: Pondasi | B78: H65 | C78: =IFERROR(I9*D65,0) | D78: error-suppressed-source-formula | E78: Uploaded reference workbook
A79: Pondasi | B79: H66 | C79: =IFERROR(I9*D66,0) | D79: error-suppressed-source-formula | E79: Uploaded reference workbook
A80: Pondasi | B80: H71 | C80: =IFERROR(I11*D71,0) | D80: error-suppressed-source-formula | E80: Uploaded reference workbook
A81: Pondasi | B81: I71 | C81: =IFERROR(H65+H71+H81+H91+H101+H106+H113,0) | D81: error-suppressed-source-formula | E81: Uploaded reference workbook
A82: Pondasi | B82: H72 | C82: =IFERROR(I11*D72,0) | D82: error-suppressed-source-formula | E82: Uploaded reference workbook
A83: Pondasi | B83: I72 | C83: =IFERROR(H72+H82+H92,0) | D83: error-suppressed-source-formula | E83: Uploaded reference workbook
A84: Pondasi | B84: H73 | C84: =IFERROR(I11*D73,0) | D84: error-suppressed-source-formula | E84: Uploaded reference workbook
A85: Pondasi | B85: I73 | C85: =IFERROR(D73,0) | D85: error-suppressed-source-formula | E85: Uploaded reference workbook
A86: Pondasi | B86: H74 | C86: =IFERROR(I11*D74,0) | D86: error-suppressed-source-formula | E86: Uploaded reference workbook
A87: Pondasi | B87: I74 | C87: =IFERROR(H66+H74+H83+H93+H102+H107+H114,0) | D87: error-suppressed-source-formula | E87: Uploaded reference workbook
A88: Pondasi | B88: H76 | C88: =IFERROR(I11*D76,0) | D88: error-suppressed-source-formula | E88: Uploaded reference workbook
A89: Pondasi | B89: H77 | C89: =IFERROR(I11*D77,0) | D89: error-suppressed-source-formula | E89: Uploaded reference workbook
A90: Pondasi | B90: H81 | C90: =IFERROR((I10*D81)*L18,0) | D90: error-suppressed-source-formula | E90: Uploaded reference workbook
A91: Pondasi | B91: H82 | C91: =IFERROR((I10*D82)*L18,0) | D91: error-suppressed-source-formula | E91: Uploaded reference workbook
A92: Pondasi | B92: H83 | C92: =IFERROR((I10*D83)*L18,0) | D92: error-suppressed-source-formula | E92: Uploaded reference workbook
A93: Pondasi | B93: H85 | C93: =IFERROR((I10*D85)*L18,0) | D93: error-suppressed-source-formula | E93: Uploaded reference workbook
A94: Pondasi | B94: H86 | C94: =IFERROR((I10*D86/50)*L18,0) | D94: error-suppressed-source-formula | E94: Uploaded reference workbook
A95: Pondasi | B95: H87 | C95: =IFERROR((I10*D87)*L18,0) | D95: error-suppressed-source-formula | E95: Uploaded reference workbook
A96: Pondasi | B96: H91 | C96: =IFERROR((I10*D91)*L22,0) | D96: error-suppressed-source-formula | E96: Uploaded reference workbook
A97: Pondasi | B97: H92 | C97: =IFERROR((I10*D92)*L22,0) | D97: error-suppressed-source-formula | E97: Uploaded reference workbook
A98: Pondasi | B98: H93 | C98: =IFERROR((I10*D93)*L22,0) | D98: error-suppressed-source-formula | E98: Uploaded reference workbook
A99: Pondasi | B99: H95 | C99: =IFERROR((I10*D95)*L22,0) | D99: error-suppressed-source-formula | E99: Uploaded reference workbook
A100: Pondasi | B100: H96 | C100: =IFERROR((I10*D96/50)*L22,0) | D100: error-suppressed-source-formula | E100: Uploaded reference workbook
...

Sheet INPUT_MAP
A1: Sheet | B1: Cell | C1: Label / nearby label | D1: Value | E1: Unit | F1: Editable Candidate | G1: Notes
A2: Bowplank | B2: D9 | C2: P | Panjang lahan | m | D2: 0 | E2: m | F2: Likely input | G2: Verify against product UX/business rules before exposing
A3: Bowplank | B3: L9 | C3: m² | Pekerja | D3: 1 | F3: Likely input | G3: Verify against product UX/business rules before exposing
A4: Bowplank | B4: Q9 | C4: OH | D4: 100000 | F4: Likely input | G4: Verify against product UX/business rules before exposing
A5: Bowplank | B5: D10 | C5: L | Lebar lahan | m | D5: 0 | E5: m | F5: Likely input | G5: Verify against product UX/business rules before exposing
A6: Bowplank | B6: L10 | C6: m¹ | Tukang | D6: 1 | F6: Likely input | G6: Verify against product UX/business rules before exposing
A7: Bowplank | B7: Q10 | C7: OH | D7: 145000 | F7: Likely input | G7: Verify against product UX/business rules before exposing
A8: Bowplank | B8: D11 | C8: C | Jarak bebas plank | m | D8: 0 | E8: m | F8: Likely input | G8: Verify against product UX/business rules before exposing
A9: Bowplank | B9: L11 | C9: m¹ | Kepala Tukang | D9: 1 | F9: Likely input | G9: Verify against product UX/business rules before exposing
A10: Bowplank | B10: Q11 | C10: OH | D10: 175000 | F10: Likely input | G10: Verify against product UX/business rules before exposing
A11: Bowplank | B11: D12 | C11: H | Tinggi patok | m | D11: 0 | E11: m | F11: Likely input | G11: Verify against product UX/business rules before exposing
A12: Bowplank | B12: L12 | C12: m¹ | Mandor | D12: 1 | F12: Likely input | G12: Verify against product UX/business rules before exposing
A13: Bowplank | B13: Q12 | C13: OH | D13: 200000 | F13: Likely input | G13: Verify against product UX/business rules before exposing
A14: Bowplank | B14: D13 | C14: R | Jarak patok | m | D14: 0 | E14: m | F14: Likely input | G14: Verify against product UX/business rules before exposing
A15: Bowplank | B15: Q15 | C15: m³ | D15: 3200000 | F15: Likely input | G15: Verify against product UX/business rules before exposing
A16: Bowplank | B16: Q16 | C16: m³ | D16: 3000000 | F16: Likely input | G16: Verify against product UX/business rules before exposing
A17: Bowplank | B17: Q17 | C17: kg | D17: 18000 | F17: Likely input | G17: Verify against product UX/business rules before exposing
A18: Bowplank | B18: D44 | C18: Pekerja | OH | D18: 0.012 | E18: OH | F18: Review | G18: Verify against product UX/business rules before exposing
A19: Bowplank | B19: D45 | C19: Tukang kayu | OH | D19: 0.006 | E19: OH | F19: Review | G19: Verify against product UX/business rules before exposing
A20: Bowplank | B20: D46 | C20: Kepala tukang | OH | D20: 0.0006 | E20: OH | F20: Review | G20: Verify against product UX/business rules before exposing
A21: Bowplank | B21: D47 | C21: Mandor | OH | D21: 0.0012 | E21: OH | F21: Review | G21: Verify against product UX/business rules before exposing
A22: Bowplank | B22: D49 | C22: Kaso 5/7 | m3 | D22: 0.013 | F22: Review | G22: Verify against product UX/business rules before exposing
A23: Bowplank | B23: D50 | C23: Kayu papan 3/20 cm | m3 | D23: 0.007 | F23: Review | G23: Verify against product UX/business rules before exposing
A24: Bowplank | B24: D51 | C24: Paku 2 inch | kg | D24: 0.02 | E24: kg | F24: Review | G24: Verify against product UX/business rules before exposing
A25: Bowplank | B25: D55 | C25: Pekerja | OH | D25: 0.1 | E25: OH | F25: Review | G25: Verify against product UX/business rules before exposing
A26: Bowplank | B26: D56 | C26: Mandor | OH | D26: 0.005 | E26: OH | F26: Review | G26: Verify against product UX/business rules before exposing
A27: Pondasi | B27: D9 | C27: a.1 | Lebar atas galian | m | D27: 0 | E27: m | F27: Likely input | G27: Verify against product UX/business rules before exposing
A28: Pondasi | B28: L9 | C28: m³ | Pekerja | D28: 1 | F28: Likely input | G28: Verify against product UX/business rules before exposing
A29: Pondasi | B29: Q9 | C29: OH | D29: 100000 | F29: Likely input | G29: Verify against product UX/business rules before exposing
A30: Pondasi | B30: D10 | C30: b.1 | Lebar bawah galian | m | D30: 0 | E30: m | F30: Likely input | G30: Verify against product UX/business rules before exposing
A31: Pondasi | B31: L10 | C31: m³ | Tukang | D31: 1 | F31: Likely input | G31: Verify against product UX/business rules before exposing
A32: Pondasi | B32: Q10 | C32: OH | D32: 145000 | F32: Likely input | G32: Verify against product UX/business rules before exposing
A33: Pondasi | B33: D11 | C33: c.1 | Dalam galian | m | D33: 0 | E33: m | F33: Likely input | G33: Verify against product UX/business rules before exposing
A34: Pondasi | B34: L11 | C34: m³ | Kepala Tukang | D34: 1 | F34: Likely input | G34: Verify against product UX/business rules before exposing
A35: Pondasi | B35: Q11 | C35: OH | D35: 175000 | F35: Likely input | G35: Verify against product UX/business rules before exposing
A36: Pondasi | B36: D12 | C36: P | Panjang pondasi | m | D36: 0 | E36: m | F36: Likely input | G36: Verify against product UX/business rules before exposing
A37: Pondasi | B37: L12 | C37: m³ | Mandor | D37: 1 | F37: Likely input | G37: Verify against product UX/business rules before exposing
A38: Pondasi | B38: Q12 | C38: OH | D38: 200000 | F38: Likely input | G38: Verify against product UX/business rules before exposing
A39: Pondasi | B39: D14 | C39: a.2 | Lebar atas pondasi | m | D39: 0 | E39: m | F39: Likely input | G39: Verify against product UX/business rules before exposing
A40: Pondasi | B40: D15 | C40: b.2 | Lebar bawah pondasi | m | D40: 0 | E40: m | F40: Likely input | G40: Verify against product UX/business rules before exposing
A41: Pondasi | B41: Q15 | C41: m³ | D41: 254700 | F41: Likely input | G41: Verify against product UX/business rules before exposing
A42: Pondasi | B42: D16 | C42: c.2 | Tingg pondasi | m | D42: 0 | E42: m | F42: Likely input | G42: Verify against product UX/business rules before exposing
A43: Pondasi | B43: Q16 | C43: m³ | D43: 146900 | F43: Likely input | G43: Verify against product UX/business rules before exposing
A44: Pondasi | B44: D17 | C44: d | Tinggi batu kosong | m | D44: 0 | E44: m | F44: Likely input | G44: Verify against product UX/business rules before exposing
A45: Pondasi | B45: Q17 | C45: m³ | D45: 286500 | F45: Likely input | G45: Verify against product UX/business rules before exposing
A46: Pondasi | B46: D18 | C46: e | Tinggi pasir uruk | m | D46: 0 | E46: m | F46: Likely input | G46: Verify against product UX/business rules before exposing
A47: Pondasi | B47: L18 | C47: BAHAN PASANGAN PONDASI CAMPURAN 1SP : 3PP | D47: 1 | F47: Likely input | G47: Verify against product UX/business rules before exposing
A48: Pondasi | B48: Q19 | C48: m³ | D48: 286500 | F48: Likely input | G48: Verify against product UX/business rules before exposing
A49: Pondasi | B49: D20 | C49: f | Tebal urukan di bawah lantai | m | D49: 0.4 | E49: m | F49: Likely input | G49: Verify against product UX/business rules before exposing
A50: Pondasi | B50: Q20 | C50: sak | D50: 65000 | F50: Likely input | G50: Verify against product UX/business rules before exposing
A51: Pondasi | B51: D21 | C51: Urukan samping pondasi | % | D51: 0.25 | F51: Likely input | G51: Verify against product UX/business rules before exposing
A52: Pondasi | B52: Q21 | C52: m³ | D52: 275000 | F52: Likely input | G52: Verify against product UX/business rules before exposing
A53: Pondasi | B53: D22 | C53: Panjang bangunan | m | D53: 9 | E53: m | F53: Likely input | G53: Verify against product UX/business rules before exposing
A54: Pondasi | B54: L22 | C54: BAHAN PASANGAN PONDASI CAMPURAN 1SP : 4PP | D54: 0 | F54: Likely input | G54: Verify against product UX/business rules before exposing
A55: Pondasi | B55: D23 | C55: Lebar Bangunan | m | D55: 6 | E55: m | F55: Likely input | G55: Verify against product UX/business rules before exposing
A56: Pondasi | B56: Q23 | C56: m³ | D56: 286500 | F56: Likely input | G56: Verify against product UX/business rules before exposing
A57: Pondasi | B57: Q24 | C57: sak | D57: 65000 | F57: Likely input | G57: Verify against product UX/business rules before exposing
A58: Pondasi | B58: Q25 | C58: m³ | D58: 275000 | F58: Likely input | G58: Verify against product UX/business rules before exposing
A59: Pondasi | B59: D65 | C59: Pekerja | OH | D59: 0.75 | E59: OH | F59: Review | G59: Verify against product UX/business rules before exposing
A60: Pondasi | B60: D66 | C60: Mandor | OH | D60: 0.038 | E60: OH | F60: Review | G60: Verify against product UX/business rules before exposing
A61: Pondasi | B61: D71 | C61: Pekerja | OH | D61: 0.78 | E61: OH | F61: Review | G61: Verify against product UX/business rules before exposing
A62: Pondasi | B62: D72 | C62: Tukang batu | OH | D62: 0.39 | E62: OH | F62: Review | G62: Verify against product UX/business rules before exposing
A63: Pondasi | B63: D73 | C63: Kepala tukang | OH | D63: 0.039 | E63: OH | F63: Review | G63: Verify against product UX/business rules before exposing
A64: Pondasi | B64: D74 | C64: Mandor | OH | D64: 0.013 | E64: OH | F64: Review | G64: Verify against product UX/business rules before exposing
A65: Pondasi | B65: D76 | C65: Batu belah | m3 | D65: 1.2 | F65: Review | G65: Verify against product UX/business rules before exposing
A66: Pondasi | B66: D77 | C66: Pasir uruk | m3 | D66: 0.432 | F66: Review | G66: Verify against product UX/business rules before exposing
A67: Pondasi | B67: D81 | C67: Pekerja | OH | D67: 1.5 | E67: OH | F67: Review | G67: Verify against product UX/business rules before exposing
A68: Pondasi | B68: D82 | C68: Tukang batu | OH | D68: 0.5 | E68: OH | F68: Review | G68: Verify against product UX/business rules before exposing
A69: Pondasi | B69: D83 | C69: Mandor | OH | D69: 0.15 | E69: OH | F69: Review | G69: Verify against product UX/business rules before exposing
A70: Pondasi | B70: D85 | C70: Batu belah | m3 | D70: 1.2 | F70: Review | G70: Verify against product UX/business rules before exposing
A71: Pondasi | B71: D86 | C71: Semen portland | kg | D71: 202 | E71: kg | F71: Review | G71: Verify against product UX/business rules before exposing
A72: Pondasi | B72: D87 | C72: Pasir pasang | m3 | D72: 0.485 | F72: Review | G72: Verify against product UX/business rules before exposing
A73: Pondasi | B73: D91 | C73: Pekerja | OH | D73: 1.5 | E73: OH | F73: Review | G73: Verify against product UX/business rules before exposing
A74: Pondasi | B74: D92 | C74: Tukang batu | OH | D74: 0.5 | E74: OH | F74: Review | G74: Verify against product UX/business rules before exposing
A75: Pondasi | B75: D93 | C75: Mandor | OH | D75: 0.15 | E75: OH | F75: Review | G75: Verify against product UX/business rules before exposing
A76: Pondasi | B76: D95 | C76: Batu belah | m3 | D76: 1.2 | F76: Review | G76: Verify against product UX/business rules before exposing
A77: Pondasi | B77: D96 | C77: Semen portland | kg | D77: 163 | E77: kg | F77: Review | G77: Verify against product UX/business rules before exposing
A78: Pondasi | B78: D97 | C78: Pasir pasang | m3 | D78: 0.52 | F78: Review | G78: Verify against product UX/business rules before exposing
A79: Pondasi | B79: D101 | C79: Pekerja | OH | D79: 0.5 | E79: OH | F79: Review | G79: Verify against product UX/business rules before exposing
A80: Pondasi | B80: D102 | C80: Mandor | OH | D80: 0.025 | E80: OH | F80: Review | G80: Verify against product UX/business rules before exposing
A81: Pondasi | B81: D106 | C81: Pekerja | OH | D81: 0.3 | E81: OH | F81: Review | G81: Verify against product UX/business rules before exposing
A82: Pondasi | B82: D107 | C82: Mandor | OH | D82: 0.015 | E82: OH | F82: Review | G82: Verify against product UX/business rules before exposing
A83: Pondasi | B83: D109 | C83: Pasir uruk | m3 | D83: 1.2 | F83: Review | G83: Verify against product UX/business rules before exposing
A84: Pondasi | B84: D113 | C84: Pekerja | OH | D84: 0.1 | E84: OH | F84: Review | G84: Verify against product UX/business rules before exposing
A85: Pondasi | B85: D114 | C85: Mandor | OH | D85: 0.01 | E85: OH | F85: Review | G85: Verify against product UX/business rules before exposing
A86: Pondasi | B86: D116 | C86: Tanah biasa | m3 | D86: 1.4 | F86: Review | G86: Verify against product UX/business rules before exposing
A87: Foot Plate | B87: D8 | C87: a1 | Lebar Kolom 1 | m | D87: 0.25 | E87: m | F87: Likely input | G87: Verify against product UX/business rules before exposing
A88: Foot Plate | B88: D9 | C88: a2 | Lebar Kolom 2 | m | D88: 0.25 | E88: m | F88: Likely input | G88: Verify against product UX/business rules before exposing
A89: Foot Plate | B89: L9 | C89: m | Pekerja | D89: 1 | F89: Likely input | G89: Verify against product UX/business rules before exposing
A90: Foot Plate | B90: Q9 | C90: OH | D90: 100000 | F90: Likely input | G90: Verify against product UX/business rules before exposing
A91: Foot Plate | B91: D10 | C91: b1 | Lebar Tapak 1 | m | D91: 0.7 | E91: m | F91: Likely input | G91: Verify against product UX/business rules before exposing
A92: Foot Plate | B92: L10 | C92: m | Tukang | D92: 1 | F92: Likely input | G92: Verify against product UX/business rules before exposing
A93: Foot Plate | B93: Q10 | C93: OH | D93: 145000 | F93: Likely input | G93: Verify against product UX/business rules before exposing
A94: Foot Plate | B94: D11 | C94: b2 | Lebar Tapak 2 | m | D94: 0.7 | E94: m | F94: Likely input | G94: Verify against product UX/business rules before exposing
A95: Foot Plate | B95: L11 | C95: m | Kepala Tukang | D95: 1 | F95: Likely input | G95: Verify against product UX/business rules before exposing
A96: Foot Plate | B96: Q11 | C96: OH | D96: 175000 | F96: Likely input | G96: Verify against product UX/business rules before exposing
A97: Foot Plate | B97: D12 | C97: h1 | Tinggi Kolom | m | D97: 1.5 | E97: m | F97: Likely input | G97: Verify against product UX/business rules before exposing
A98: Foot Plate | B98: L12 | C98: m | Mandor | D98: 1 | F98: Likely input | G98: Verify against product UX/business rules before exposing
A99: Foot Plate | B99: Q12 | C99: OH | D99: 200000 | F99: Likely input | G99: Verify against product UX/business rules before exposing
A100: Foot Plate | B100: D14 | C100: h2 | Kemiringan Tapak | m | D100: 0.1 | E100: m | F100: Likely input | G100: Verify against product UX/business rules before exposing
...

Sheet CALC_AUDIT
A1: Sheet | B1: Rows | C1: Columns | D1: Embedded Images | E1: Formula Count | F1: IFERROR Formula Count | G1: #REF! Tokens | H1: Circular/Self-Reference Candidates
A2: Bowplank | B2: 79 | C2: 19 | D2: 2 | E2: 34 | F2: 21 | G2: 0
A3: Pondasi | B3: 132 | C3: 19 | D3: 2 | E3: 74 | F3: 51 | G3: 0
A4: Foot Plate | B4: 119 | C4: 19 | D4: 4 | E4: 115 | F4: 83 | G4: 0
A5: Sloof | B5: 102 | C5: 21 | D5: 2 | E5: 100 | F5: 54 | G5: 0
A6: Kolom | B6: 97 | C6: 19 | D6: 2 | E6: 104 | F6: 58 | G6: 0
A7: Balok | B7: 106 | C7: 20 | D7: 2 | E7: 107 | F7: 58 | G7: 0
A8: Bata Ringan | B8: 88 | C8: 18 | D8: 4 | E8: 51 | F8: 40 | G8: 0
A9: Bata Merah | B9: 87 | C9: 18 | D9: 4 | E9: 60 | F9: 44 | G9: 0
A10: Batako | B10: 87 | C10: 18 | D10: 4 | E10: 54 | F10: 37 | G10: 0
A11: Pintu & Jendela | B11: 98 | C11: 18 | D11: 4 | E11: 82 | F11: 53 | G11: 0
A12: Atap Baja Ringan | B12: 138 | C12: 30 | D12: 3 | E12: 192 | F12: 50 | G12: 0
A13: Plesteran & Acian | B13: 94 | C13: 18 | D13: 4 | E13: 58 | F13: 41 | G13: 0
... A21: Rekap RAB | B21: 32 | C21: 9 | D21: 0 | E21: 20 | F21: 0 | G21: 0
