Workbook
Name upahbahan: 'Upah Bahan'!$F$10:$H$1348

Sheet DHSP
B2: DAFTAR HARGA SATUAN PEKERJAAN (DHSP)
B3: BIDANG BINA MARGA
B4: Berdasarkan SE Direktur Jenderal Bina Konstruksi No. 47/SE/Dk/2026 | Sumber: Lampiran V - AHSP Bidang Bina Marga (PDF, 3.125 halaman)
A6: NO | B6: KODE | C6: URAIAN PEKERJAAN | D6: SATUAN | E6: HARGA SATUAN | F6: SIFAT | G6: LAMPIRAN | H6: HAL | I6: KETERANGAN
A7: 1 | B7: ='A - Umum dan Penerapan SMKK'!M2 | C7: =VLOOKUP('A - Umum dan Penerapan SMKK'!C2,'A - Umum dan Penerapan SMKK'!$C$2:$M$21,2,FALSE) | D7: Lumsum | E7: 0 | F7: Informatif | G7: A | H7: 31 | I7: tanpa analisa
A8: 2 | B8: ='A - Umum dan Penerapan SMKK'!M5 | C8: =VLOOKUP('A - Umum dan Penerapan SMKK'!C5,'A - Umum dan Penerapan SMKK'!$C$2:$M$21,2,FALSE) | D8: Provisional Sums | E8: 0 | F8: Informatif | G8: A | H8: 33 | I8: tanpa analisa
A9: 3 | B9: ='A - Umum dan Penerapan SMKK'!M8 | C9: =VLOOKUP('A - Umum dan Penerapan SMKK'!C8,'A - Umum dan Penerapan SMKK'!$C$2:$M$21,2,FALSE) | D9: Lumsum | E9: 0 | F9: Informatif | G9: A | H9: 34 | I9: tanpa analisa
A10: 4 | B10: ='A - Umum dan Penerapan SMKK'!M11 | C10: =VLOOKUP('A - Umum dan Penerapan SMKK'!C11,'A - Umum dan Penerapan SMKK'!$C$2:$M$21,2,FALSE) | D10: Meter Panjang | E10: 0 | F10: Informatif | G10: A | H10: 37 | I10: tanpa analisa
A11: 5 | B11: ='A - Umum dan Penerapan SMKK'!M14 | C11: =VLOOKUP('A - Umum dan Penerapan SMKK'!C14,'A - Umum dan Penerapan SMKK'!$C$2:$M$21,2,FALSE) | D11: Meter Panjang | E11: 0 | F11: Informatif | G11: A | H11: 38 | I11: tanpa analisa
A12: 6 | B12: ='A - Umum dan Penerapan SMKK'!M17 | C12: =VLOOKUP('A - Umum dan Penerapan SMKK'!C17,'A - Umum dan Penerapan SMKK'!$C$2:$M$21,2,FALSE) | D12: Buah | E12: 0 | F12: Informatif | G12: A | H12: 39 | I12: tanpa analisa
A13: 7 | B13: ='A - Umum dan Penerapan SMKK'!M20 | C13: =VLOOKUP('A - Umum dan Penerapan SMKK'!C20,'A - Umum dan Penerapan SMKK'!$C$2:$M$21,2,FALSE) | E13: 0 | F13: Informatif | G13: A | H13: 40 | I13: tanpa analisa
A14: 8 | B14: ='B - Drainase'!M2 | C14: =VLOOKUP('B - Drainase'!C2,'B - Drainase'!$C$2:$M$2255,2,FALSE) | D14: Meter Kubik | E14: =VLOOKUP('B - Drainase'!C2,'B - Drainase'!$C$2:$K$2,9,FALSE) | F14: Informatif | G14: B | H14: 47
A15: 9 | B15: ='B - Drainase'!M19 | C15: =VLOOKUP('B - Drainase'!C19,'B - Drainase'!$C$2:$M$2255,2,FALSE) | D15: Meter Kubik | E15: =VLOOKUP('B - Drainase'!C19,'B - Drainase'!$C$19:$K$19,9,FALSE) | F15: Informatif | G15: B | H15: 50
A16: 10 | B16: ='B - Drainase'!M44 | C16: =VLOOKUP('B - Drainase'!C44,'B - Drainase'!$C$2:$M$2255,2,FALSE) | D16: Meter Panjang | E16: =VLOOKUP('B - Drainase'!C44,'B - Drainase'!$C$44:$K$44,9,FALSE) | F16: Informatif | G16: B | H16: 53
A17: 11 | B17: ='B - Drainase'!M66 | C17: =VLOOKUP('B - Drainase'!C66,'B - Drainase'!$C$2:$M$2255,2,FALSE) | D17: Meter Panjang | E17: =VLOOKUP('B - Drainase'!C66,'B - Drainase'!$C$66:$K$66,9,FALSE) | F17: Informatif | G17: B | H17: 56
A18: 12 | B18: ='B - Drainase'!M90 | C18: =VLOOKUP('B - Drainase'!C90,'B - Drainase'!$C$2:$M$2255,2,FALSE) | D18: Meter Panjang | E18: =VLOOKUP('B - Drainase'!C90,'B - Drainase'!$C$90:$K$90,9,FALSE) | F18: Informatif | G18: B | H18: 59
A19: 13 | B19: ='B - Drainase'!M114 | C19: =VLOOKUP('B - Drainase'!C114,'B - Drainase'!$C$2:$M$2255,2,FALSE) | D19: Meter Panjang | E19: =VLOOKUP('B - Drainase'!C114,'B - Drainase'!$C$114:$K$114,9,FALSE) | F19: Informatif | G19: B | H19: 62
A20: 14 | B20: ='B - Drainase'!M141 | C20: =VLOOKUP('B - Drainase'!C141,'B - Drainase'!$C$2:$M$2255,2,FALSE) | D20: Meter Panjang | E20: =VLOOKUP('B - Drainase'!C141,'B - Drainase'!$C$141:$K$141,9,FALSE) | F20: Informatif | G20: B | H20: 65
A21: 15 | B21: ='B - Drainase'!M165 | C21: =VLOOKUP('B - Drainase'!C165,'B - Drainase'!$C$2:$M$2255,2,FALSE) | D21: Meter Panjang | E21: =VLOOKUP('B - Drainase'!C165,'B - Drainase'!$C$165:$K$165,9,FALSE) | F21: Informatif | G21: B | H21: 68
A22: 16 | B22: ='B - Drainase'!M189 | C22: =VLOOKUP('B - Drainase'!C189,'B - Drainase'!$C$2:$M$2255,2,FALSE) | D22: Meter Panjang | E22: =VLOOKUP('B - Drainase'!C189,'B - Drainase'!$C$189:$K$189,9,FALSE) | F22: Informatif | G22: B | H22: 71 | I22: cek: sumber Rp 114.977
A23: 17 | B23: ='B - Drainase'!M213 | C23: =VLOOKUP('B - Drainase'!C213,'B - Drainase'!$C$2:$M$2255,2,FALSE) | D23: Meter Panjang | E23: =VLOOKUP('B - Drainase'!C213,'B - Drainase'!$C$213:$K$213,9,FALSE) | F23: Informatif | G23: B | H23: 74 | I23: cek: sumber Rp 182.634
A24: 18 | B24: ='B - Drainase'!M237 | C24: =VLOOKUP('B - Drainase'!C237,'B - Drainase'!$C$2:$M$2255,2,FALSE) | D24: Meter Panjang | E24: =VLOOKUP('B - Drainase'!C237,'B - Drainase'!$C$237:$K$237,9,FALSE) | F24: Informatif | G24: B | H24: 77
A25: 19 | B25: ='B - Drainase'!M271 | C25: =VLOOKUP('B - Drainase'!C271,'B - Drainase'!$C$2:$M$2255,2,FALSE) | D25: Meter Panjang | E25: =VLOOKUP('B - Drainase'!C271,'B - Drainase'!$C$271:$K$271,9,FALSE) | F25: Informatif | G25: B | H25: 80
A26: 20 | B26: ='B - Drainase'!M305 | C26: =VLOOKUP('B - Drainase'!C305,'B - Drainase'!$C$2:$M$2255,2,FALSE) | D26: Meter Panjang | E26: =VLOOKUP('B - Drainase'!C305,'B - Drainase'!$C$305:$K$305,9,FALSE) | F26: Informatif | G26: B | H26: 83
A27: 21 | B27: ='B - Drainase'!M334 | C27: =VLOOKUP('B - Drainase'!C334,'B - Drainase'!$C$2:$M$2255,2,FALSE) | D27: Meter Panjang | E27: =VLOOKUP('B - Drainase'!C334,'B - Drainase'!$C$334:$K$334,9,FALSE) | F27: Informatif | G27: B | H27: 86
A28: 22 | B28: ='B - Drainase'!M368 | C28: =VLOOKUP('B - Drainase'!C368,'B - Drainase'!$C$2:$M$2255,2,FALSE) | D28: Meter Panjang | E28: =VLOOKUP('B - Drainase'!C368,'B - Drainase'!$C$368:$K$368,9,FALSE) | F28: Informatif | G28: B | H28: 89
A29: 23 | B29: ='B - Drainase'!M402 | C29: =VLOOKUP('B - Drainase'!C402,'B - Drainase'!$C$2:$M$2255,2,FALSE) | D29: Meter Panjang | E29: =VLOOKUP('B - Drainase'!C402,'B - Drainase'!$C$402:$K$402,9,FALSE) | F29: Informatif | G29: B | H29: 92
A30: 24 | B30: ='B - Drainase'!M429 | C30: =VLOOKUP('B - Drainase'!C429,'B - Drainase'!$C$2:$M$2255,2,FALSE) | D30: Meter Panjang | E30: =VLOOKUP('B - Drainase'!C429,'B - Drainase'!$C$429:$K$429,9,FALSE) | F30: Informatif | G30: B | H30: 95
A31: 25 | B31: ='B - Drainase'!M463 | C31: =VLOOKUP('B - Drainase'!C463,'B - Drainase'!$C$2:$M$2255,2,FALSE) | D31: Meter Panjang | E31: =VLOOKUP('B - Drainase'!C463,'B - Drainase'!$C$463:$K$463,9,FALSE) | F31: Informatif | G31: B | H31: 98
A32: 26 | B32: ='B - Drainase'!M497 | C32: =VLOOKUP('B - Drainase'!C497,'B - Drainase'!$C$2:$M$2255,2,FALSE) | D32: Meter Panjang | E32: =VLOOKUP('B - Drainase'!C497,'B - Drainase'!$C$497:$K$497,9,FALSE) | F32: Informatif | G32: B | H32: 101
A33: 27 | B33: ='B - Drainase'!M524 | C33: =VLOOKUP('B - Drainase'!C524,'B - Drainase'!$C$2:$M$2255,2,FALSE) | D33: Meter Panjang | E33: =VLOOKUP('B - Drainase'!C524,'B - Drainase'!$C$524:$K$524,9,FALSE) | F33: Informatif | G33: B | H33: 104
A34: 28 | B34: ='B - Drainase'!M558 | C34: =VLOOKUP('B - Drainase'!C558,'B - Drainase'!$C$2:$M$2255,2,FALSE) | D34: Meter Panjang | E34: =VLOOKUP('B - Drainase'!C558,'B - Drainase'!$C$558:$K$558,9,FALSE) | F34: Informatif | G34: B | H34: 107
A35: 29 | B35: ='B - Drainase'!M592 | C35: =VLOOKUP('B - Drainase'!C592,'B - Drainase'!$C$2:$M$2255,2,FALSE) | D35: Meter Panjang | E35: =VLOOKUP('B - Drainase'!C592,'B - Drainase'!$C$592:$K$592,9,FALSE) | F35: Informatif | G35: B | H35: 110
A36: 30 | B36: ='B - Drainase'!M619 | C36: =VLOOKUP('B - Drainase'!C619,'B - Drainase'!$C$2:$M$2255,2,FALSE) | D36: Meter Panjang | E36: =VLOOKUP('B - Drainase'!C619,'B - Drainase'!$C$619:$K$619,9,FALSE) | F36: Informatif | G36: B | H36: 113
A37: 31 | B37: ='B - Drainase'!M646 | C37: =VLOOKUP('B - Drainase'!C646,'B - Drainase'!$C$2:$M$2255,2,FALSE) | D37: Meter Panjang | E37: =VLOOKUP('B - Drainase'!C646,'B - Drainase'!$C$646:$K$646,9,FALSE) | F37: Informatif | G37: B | H37: 116
A38: 32 | B38: ='B - Drainase'!M673 | C38: =VLOOKUP('B - Drainase'!C673,'B - Drainase'!$C$2:$M$2255,2,FALSE) | D38: Ton | E38: =VLOOKUP('B - Drainase'!C673,'B - Drainase'!$C$673:$K$673,9,FALSE) | F38: Informatif | G38: B | H38: 119
A39: 33 | B39: ='B - Drainase'!M697 | C39: =VLOOKUP('B - Drainase'!C697,'B - Drainase'!$C$2:$M$2255,2,FALSE) | D39: Meter Panjang | E39: =VLOOKUP('B - Drainase'!C697,'B - Drainase'!$C$697:$K$697,9,FALSE) | F39: Informatif | G39: B | H39: 122
A40: 34 | B40: ='B - Drainase'!M723 | C40: =VLOOKUP('B - Drainase'!C723,'B - Drainase'!$C$2:$M$2255,2,FALSE) | D40: Meter Panjang | E40: =VLOOKUP('B - Drainase'!C723,'B - Drainase'!$C$723:$K$723,9,FALSE) | F40: Informatif | G40: B | H40: 125
A41: 35 | B41: ='B - Drainase'!M749 | C41: =VLOOKUP('B - Drainase'!C749,'B - Drainase'!$C$2:$M$2255,2,FALSE) | D41: Meter Panjang | E41: =VLOOKUP('B - Drainase'!C749,'B - Drainase'!$C$749:$K$749,9,FALSE) | F41: Informatif | G41: B | H41: 128
A42: 36 | B42: ='B - Drainase'!M775 | C42: =VLOOKUP('B - Drainase'!C775,'B - Drainase'!$C$2:$M$2255,2,FALSE) | D42: Meter Panjang | E42: =VLOOKUP('B - Drainase'!C775,'B - Drainase'!$C$775:$K$775,9,FALSE) | F42: Informatif | G42: B | H42: 131
A43: 37 | B43: ='B - Drainase'!M801 | C43: =VLOOKUP('B - Drainase'!C801,'B - Drainase'!$C$2:$M$2255,2,FALSE) | D43: Meter Panjang | E43: =VLOOKUP('B - Drainase'!C801,'B - Drainase'!$C$801:$K$801,9,FALSE) | F43: Informatif | G43: B | H43: 134
A44: 38 | B44: ='B - Drainase'!M827 | C44: =VLOOKUP('B - Drainase'!C827,'B - Drainase'!$C$2:$M$2255,2,FALSE) | D44: Meter Panjang | E44: =VLOOKUP('B - Drainase'!C827,'B - Drainase'!$C$827:$K$827,9,FALSE) | F44: Informatif | G44: B | H44: 137
A45: 39 | B45: ='B - Drainase'!M853 | C45: =VLOOKUP('B - Drainase'!C853,'B - Drainase'!$C$2:$M$2255,2,FALSE) | D45: Meter Panjang | E45: =VLOOKUP('B - Drainase'!C853,'B - Drainase'!$C$853:$K$853,9,FALSE) | F45: Informatif | G45: B | H45: 140
A46: 40 | B46: ='B - Drainase'!M879 | C46: =VLOOKUP('B - Drainase'!C879,'B - Drainase'!$C$2:$M$2255,2,FALSE) | D46: Meter Panjang | E46: =VLOOKUP('B - Drainase'!C879,'B - Drainase'!$C$879:$K$879,9,FALSE) | F46: Informatif | G46: B | H46: 143
A47: 41 | B47: ='B - Drainase'!M905 | C47: =VLOOKUP('B - Drainase'!C905,'B - Drainase'!$C$2:$M$2255,2,FALSE) | D47: Meter Panjang | E47: =VLOOKUP('B - Drainase'!C905,'B - Drainase'!$C$905:$K$905,9,FALSE) | F47: Informatif | G47: B | H47: 146
A48: 42 | B48: ='B - Drainase'!M931 | C48: =VLOOKUP('B - Drainase'!C931,'B - Drainase'!$C$2:$M$2255,2,FALSE) | D48: Meter Panjang | E48: =VLOOKUP('B - Drainase'!C931,'B - Drainase'!$C$931:$K$931,9,FALSE) | F48: Informatif | G48: B | H48: 149
A49: 43 | B49: ='B - Drainase'!M957 | C49: =VLOOKUP('B - Drainase'!C957,'B - Drainase'!$C$2:$M$2255,2,FALSE) | D49: Meter Panjang | E49: =VLOOKUP('B - Drainase'!C957,'B - Drainase'!$C$957:$K$957,9,FALSE) | F49: Informatif | G49: B | H49: 152
A50: 44 | B50: ='B - Drainase'!M983 | C50: =VLOOKUP('B - Drainase'!C983,'B - Drainase'!$C$2:$M$2255,2,FALSE) | D50: Meter Panjang | E50: =VLOOKUP('B - Drainase'!C983,'B - Drainase'!$C$983:$K$983,9,FALSE) | F50: Informatif | G50: B | H50: 155
A51: 45 | B51: ='B - Drainase'!M1009 | C51: =VLOOKUP('B - Drainase'!C1009,'B - Drainase'!$C$2:$M$2255,2,FALSE) | D51: Meter Panjang | E51: =VLOOKUP('B - Drainase'!C1009,'B - Drainase'!$C$1009:$K$1009,9,FALSE) | F51: Informatif | G51: B | H51: 158
A52: 46 | B52: ='B - Drainase'!M1040 | C52: =VLOOKUP('B - Drainase'!C1040,'B - Drainase'!$C$2:$M$2255,2,FALSE) | D52: Meter Panjang | E52: =VLOOKUP('B - Drainase'!C1040,'B - Drainase'!$C$1040:$K$1040,9,FALSE) | F52: Informatif | G52: B | H52: 162
A53: 47 | B53: ='B - Drainase'!M1071 | C53: =VLOOKUP('B - Drainase'!C1071,'B - Drainase'!$C$2:$M$2255,2,FALSE) | D53: Meter Panjang | E53: =VLOOKUP('B - Drainase'!C1071,'B - Drainase'!$C$1071:$K$1071,9,FALSE) | F53: Informatif | G53: B | H53: 166
A54: 48 | B54: ='B - Drainase'!M1102 | C54: =VLOOKUP('B - Drainase'!C1102,'B - Drainase'!$C$2:$M$2255,2,FALSE) | D54: Meter Panjang | E54: =VLOOKUP('B - Drainase'!C1102,'B - Drainase'!$C$1102:$K$1102,9,FALSE) | F54: Informatif | G54: B | H54: 170
A55: 49 | B55: ='B - Drainase'!M1133 | C55: =VLOOKUP('B - Drainase'!C1133,'B - Drainase'!$C$2:$M$2255,2,FALSE) | D55: Meter Panjang | E55: =VLOOKUP('B - Drainase'!C1133,'B - Drainase'!$C$1133:$K$1133,9,FALSE) | F55: Informatif | G55: B | H55: 174
A56: 50 | B56: ='B - Drainase'!M1164 | C56: =VLOOKUP('B - Drainase'!C1164,'B - Drainase'!$C$2:$M$2255,2,FALSE) | D56: Meter Panjang | E56: =VLOOKUP('B - Drainase'!C1164,'B - Drainase'!$C$1164:$K$1164,9,FALSE) | F56: Informatif | G56: B | H56: 178
A57: 51 | B57: ='B - Drainase'!M1195 | C57: =VLOOKUP('B - Drainase'!C1195,'B - Drainase'!$C$2:$M$2255,2,FALSE) | D57: Meter Panjang | E57: =VLOOKUP('B - Drainase'!C1195,'B - Drainase'!$C$1195:$K$1195,9,FALSE) | F57: Informatif | G57: B | H57: 182
A58: 52 | B58: ='B - Drainase'!M1226 | C58: =VLOOKUP('B - Drainase'!C1226,'B - Drainase'!$C$2:$M$2255,2,FALSE) | D58: Meter Panjang | E58: =VLOOKUP('B - Drainase'!C1226,'B - Drainase'!$C$1226:$K$1226,9,FALSE) | F58: Informatif | G58: B | H58: 186
A59: 53 | B59: ='B - Drainase'!M1257 | C59: =VLOOKUP('B - Drainase'!C1257,'B - Drainase'!$C$2:$M$2255,2,FALSE) | D59: Meter Panjang | E59: =VLOOKUP('B - Drainase'!C1257,'B - Drainase'!$C$1257:$K$1257,9,FALSE) | F59: Informatif | G59: B | H59: 190
A60: 54 | B60: ='B - Drainase'!M1288 | C60: =VLOOKUP('B - Drainase'!C1288,'B - Drainase'!$C$2:$M$2255,2,FALSE) | D60: Meter Panjang | E60: =VLOOKUP('B - Drainase'!C1288,'B - Drainase'!$C$1288:$K$1288,9,FALSE) | F60: Informatif | G60: B | H60: 194
A61: 55 | B61: ='B - Drainase'!M1319 | C61: =VLOOKUP('B - Drainase'!C1319,'B - Drainase'!$C$2:$M$2255,2,FALSE) | D61: Meter Panjang | E61: =VLOOKUP('B - Drainase'!C1319,'B - Drainase'!$C$1319:$K$1319,9,FALSE) | F61: Informatif | G61: B | H61: 198
A62: 56 | B62: ='B - Drainase'!M1350 | C62: =VLOOKUP('B - Drainase'!C1350,'B - Drainase'!$C$2:$M$2255,2,FALSE) | D62: Meter Panjang | E62: =VLOOKUP('B - Drainase'!C1350,'B - Drainase'!$C$1350:$K$1350,9,FALSE) | F62: Informatif | G62: B | H62: 202
A63: 57 | B63: ='B - Drainase'!M1381 | C63: =VLOOKUP('B - Drainase'!C1381,'B - Drainase'!$C$2:$M$2255,2,FALSE) | D63: Meter Panjang | E63: =VLOOKUP('B - Drainase'!C1381,'B - Drainase'!$C$1381:$K$1381,9,FALSE) | F63: Informatif | G63: B | H63: 206
A64: 58 | B64: ='B - Drainase'!M1412 | C64: =VLOOKUP('B - Drainase'!C1412,'B - Drainase'!$C$2:$M$2255,2,FALSE) | D64: Meter Panjang | E64: =VLOOKUP('B - Drainase'!C1412,'B - Drainase'!$C$1412:$K$1412,9,FALSE) | F64: Informatif | G64: B | H64: 210
A65: 59 | B65: ='B - Drainase'!M1443 | C65: =VLOOKUP('B - Drainase'!C1443,'B - Drainase'!$C$2:$M$2255,2,FALSE) | D65: Meter Panjang | E65: =VLOOKUP('B - Drainase'!C1443,'B - Drainase'!$C$1443:$K$1443,9,FALSE) | F65: Informatif | G65: B | H65: 214
A66: 60 | B66: ='B - Drainase'!M1474 | C66: =VLOOKUP('B - Drainase'!C1474,'B - Drainase'!$C$2:$M$2255,2,FALSE) | D66: Meter Panjang | E66: =VLOOKUP('B - Drainase'!C1474,'B - Drainase'!$C$1474:$K$1474,9,FALSE) | F66: Informatif | G66: B | H66: 218
A67: 61 | B67: ='B - Drainase'!M1505 | C67: =VLOOKUP('B - Drainase'!C1505,'B - Drainase'!$C$2:$M$2255,2,FALSE) | D67: Meter Panjang | E67: =VLOOKUP('B - Drainase'!C1505,'B - Drainase'!$C$1505:$K$1505,9,FALSE) | F67: Informatif | G67: B | H67: 222
A68: 62 | B68: ='B - Drainase'!M1536 | C68: =VLOOKUP('B - Drainase'!C1536,'B - Drainase'!$C$2:$M$2255,2,FALSE) | D68: Meter Panjang | E68: =VLOOKUP('B - Drainase'!C1536,'B - Drainase'!$C$1536:$K$1536,9,FALSE) | F68: Informatif | G68: B | H68: 226
A69: 63 | B69: ='B - Drainase'!M1567 | C69: =VLOOKUP('B - Drainase'!C1567,'B - Drainase'!$C$2:$M$2255,2,FALSE) | D69: Meter Panjang | E69: =VLOOKUP('B - Drainase'!C1567,'B - Drainase'!$C$1567:$K$1567,9,FALSE) | F69: Informatif | G69: B | H69: 230
A70: 64 | B70: ='B - Drainase'!M1598 | C70: =VLOOKUP('B - Drainase'!C1598,'B - Drainase'!$C$2:$M$2255,2,FALSE) | D70: Meter Panjang | E70: =VLOOKUP('B - Drainase'!C1598,'B - Drainase'!$C$1598:$K$1598,9,FALSE) | F70: Informatif | G70: B | H70: 234
A71: 65 | B71: ='B - Drainase'!M1629 | C71: =VLOOKUP('B - Drainase'!C1629,'B - Drainase'!$C$2:$M$2255,2,FALSE) | D71: Meter Panjang | E71: =VLOOKUP('B - Drainase'!C1629,'B - Drainase'!$C$1629:$K$1629,9,FALSE) | F71: Informatif | G71: B | H71: 238
A72: 66 | B72: ='B - Drainase'!M1649 | C72: =VLOOKUP('B - Drainase'!C1649,'B - Drainase'!$C$2:$M$2255,2,FALSE) | D72: Meter Panjang | E72: =VLOOKUP('B - Drainase'!C1649,'B - Drainase'!$C$1649:$K$1649,9,FALSE) | F72: Informatif | G72: B | H72: 241
A73: 67 | B73: ='B - Drainase'!M1677 | C73: =VLOOKUP('B - Drainase'!C1677,'B - Drainase'!$C$2:$M$2255,2,FALSE) | D73: Meter Panjang | E73: =VLOOKUP('B - Drainase'!C1677,'B - Drainase'!$C$1677:$K$1677,9,FALSE) | F73: Informatif | G73: B | H73: 245
A74: 68 | B74: ='B - Drainase'!M1702 | C74: =VLOOKUP('B - Drainase'!C1702,'B - Drainase'!$C$2:$M$2255,2,FALSE) | D74: Meter Panjang | E74: =VLOOKUP('B - Drainase'!C1702,'B - Drainase'!$C$1702:$K$1702,9,FALSE) | F74: Informatif | G74: B | H74: 248
A75: 69 | B75: ='B - Drainase'!M1722 | C75: =VLOOKUP('B - Drainase'!C1722,'B - Drainase'!$C$2:$M$2255,2,FALSE) | D75: Meter Panjang | E75: =VLOOKUP('B - Drainase'!C1722,'B - Drainase'!$C$1722:$K$1722,9,FALSE) | F75: Informatif | G75: B | H75: 251
A76: 70 | B76: ='B - Drainase'!M1743 | C76: =VLOOKUP('B - Drainase'!C1743,'B - Drainase'!$C$2:$M$2255,2,FALSE) | D76: Meter Panjang | E76: =VLOOKUP('B - Drainase'!C1743,'B - Drainase'!$C$1743:$K$1743,9,FALSE) | F76: Informatif | G76: B | H76: 254
A77: 71 | B77: ='B - Drainase'!M1763 | C77: =VLOOKUP('B - Drainase'!C1763,'B - Drainase'!$C$2:$M$2255,2,FALSE) | D77: Meter Panjang | E77: =VLOOKUP('B - Drainase'!C1763,'B - Drainase'!$C$1763:$K$1763,9,FALSE) | F77: Informatif | G77: B | H77: 257
A78: 72 | B78: ='B - Drainase'!M1784 | C78: =VLOOKUP('B - Drainase'!C1784,'B - Drainase'!$C$2:$M$2255,2,FALSE) | D78: Buah | E78: =VLOOKUP('B - Drainase'!C1784,'B - Drainase'!$C$1784:$K$1784,9,FALSE) | F78: Informatif | G78: B | H78: 260
A79: 73 | B79: ='B - Drainase'!M1813 | C79: =VLOOKUP('B - Drainase'!C1813,'B - Drainase'!$C$2:$M$2255,2,FALSE) | D79: Buah | E79: =VLOOKUP('B - Drainase'!C1813,'B - Drainase'!$C$1813:$K$1813,9,FALSE) | F79: Informatif | G79: B | H79: 263
A80: 74 | B80: ='B - Drainase'!M1842 | C80: =VLOOKUP('B - Drainase'!C1842,'B - Drainase'!$C$2:$M$2255,2,FALSE) | D80: Buah | E80: =VLOOKUP('B - Drainase'!C1842,'B - Drainase'!$C$1842:$K$1842,9,FALSE) | F80: Informatif | G80: B | H80: 266
A81: 75 | B81: ='B - Drainase'!M1871 | C81: =VLOOKUP('B - Drainase'!C1871,'B - Drainase'!$C$2:$M$2255,2,FALSE) | D81: Buah | E81: =VLOOKUP('B - Drainase'!C1871,'B - Drainase'!$C$1871:$K$1871,9,FALSE) | F81: Informatif | G81: B | H81: 269
A82: 76 | B82: ='B - Drainase'!M1900 | C82: =VLOOKUP('B - Drainase'!C1900,'B - Drainase'!$C$2:$M$2255,2,FALSE) | D82: Buah | E82: =VLOOKUP('B - Drainase'!C1900,'B - Drainase'!$C$1900:$K$1900,9,FALSE) | F82: Informatif | G82: B | H82: 272
A83: 77 | B83: ='B - Drainase'!M1929 | C83: =VLOOKUP('B - Drainase'!C1929,'B - Drainase'!$C$2:$M$2255,2,FALSE) | D83: Buah | E83: =VLOOKUP('B - Drainase'!C1929,'B - Drainase'!$C$1929:$K$1929,9,FALSE) | F83: Informatif | G83: B | H83: 275
A84: 78 | B84: ='B - Drainase'!M1958 | C84: =VLOOKUP('B - Drainase'!C1958,'B - Drainase'!$C$2:$M$2255,2,FALSE) | D84: Buah | E84: =VLOOKUP('B - Drainase'!C1958,'B - Drainase'!$C$1958:$K$1958,9,FALSE) | F84: Informatif | G84: B | H84: 278
A85: 79 | B85: ='B - Drainase'!M1987 | C85: =VLOOKUP('B - Drainase'!C1987,'B - Drainase'!$C$2:$M$2255,2,FALSE) | D85: Buah | E85: =VLOOKUP('B - Drainase'!C1987,'B - Drainase'!$C$1987:$K$1987,9,FALSE) | F85: Informatif | G85: B | H85: 281
A86: 80 | B86: ='B - Drainase'!M2017 | C86: =VLOOKUP('B - Drainase'!C2017,'B - Drainase'!$C$2:$M$2255,2,FALSE) | D86: Buah | E86: =VLOOKUP('B - Drainase'!C2017,'B - Drainase'!$C$2017:$K$2017,9,FALSE) | F86: Informatif | G86: B | H86: 284
A87: 81 | B87: ='B - Drainase'!M2042 | C87: =VLOOKUP('B - Drainase'!C2042,'B - Drainase'!$C$2:$M$2255,2,FALSE) | D87: Buah | E87: =VLOOKUP('B - Drainase'!C2042,'B - Drainase'!$C$2042:$K$2042,9,FALSE) | F87: Informatif | G87: B | H87: 288
A88: 82 | B88: ='B - Drainase'!M2067 | C88: =VLOOKUP('B - Drainase'!C2067,'B - Drainase'!$C$2:$M$2255,2,FALSE) | D88: Buah | E88: =VLOOKUP('B - Drainase'!C2067,'B - Drainase'!$C$2067:$K$2067,9,FALSE) | F88: Informatif | G88: B | H88: 292
A89: 83 | B89: ='B - Drainase'!M2092 | C89: =VLOOKUP('B - Drainase'!C2092,'B - Drainase'!$C$2:$M$2255,2,FALSE) | D89: Buah | E89: =VLOOKUP('B - Drainase'!C2092,'B - Drainase'!$C$2092:$K$2092,9,FALSE) | F89: Informatif | G89: B | H89: 296
A90: 84 | B90: ='B - Drainase'!M2117 | C90: =VLOOKUP('B - Drainase'!C2117,'B - Drainase'!$C$2:$M$2255,2,FALSE) | D90: Buah | E90: =VLOOKUP('B - Drainase'!C2117,'B - Drainase'!$C$2117:$K$2117,9,FALSE) | F90: Informatif | G90: B | H90: 300
A91: 85 | B91: ='B - Drainase'!M2142 | C91: =VLOOKUP('B - Drainase'!C2142,'B - Drainase'!$C$2:$M$2255,2,FALSE) | D91: Buah | E91: =VLOOKUP('B - Drainase'!C2142,'B - Drainase'!$C$2142:$K$2142,9,FALSE) | F91: Informatif | G91: B | H91: 304
A92: 86 | B92: ='B - Drainase'!M2167 | C92: =VLOOKUP('B - Drainase'!C2167,'B - Drainase'!$C$2:$M$2255,2,FALSE) | D92: Meter Kubik | E92: =VLOOKUP('B - Drainase'!C2167,'B - Drainase'!$C$2167:$K$2167,9,FALSE) | F92: Informatif | G92: B | H92: 308
A93: 87 | B93: ='B - Drainase'!M2185 | C93: =VLOOKUP('B - Drainase'!C2185,'B - Drainase'!$C$2:$M$2255,2,FALSE) | D93: Meter Panjang | E93: =VLOOKUP('B - Drainase'!C2185,'B - Drainase'!$C$2185:$K$2185,9,FALSE) | F93: Informatif | G93: B | H93: 310
A94: 88 | B94: ='B - Drainase'!M2203 | C94: =VLOOKUP('B - Drainase'!C2203,'B - Drainase'!$C$2:$M$2255,2,FALSE) | D94: Meter Panjang | E94: =VLOOKUP('B - Drainase'!C2203,'B - Drainase'!$C$2203:$K$2203,9,FALSE) | F94: Informatif | G94: B | H94: 312
A95: 89 | B95: ='B - Drainase'!M2221 | C95: =VLOOKUP('B - Drainase'!C2221,'B - Drainase'!$C$2:$M$2255,2,FALSE) | D95: Meter Panjang | E95: =VLOOKUP('B - Drainase'!C2221,'B - Drainase'!$C$2221:$K$2221,9,FALSE) | F95: Informatif | G95: B | H95: 314
A96: 90 | B96: ='B - Drainase'!M2239 | C96: =VLOOKUP('B - Drainase'!C2239,'B - Drainase'!$C$2:$M$2255,2,FALSE) | D96: Meter Panjang | E96: =VLOOKUP('B - Drainase'!C2239,'B - Drainase'!$C$2239:$K$2239,9,FALSE) | F96: Informatif | G96: B | H96: 316
A97: 91 | B97: ='C - Tanah dan Geosintetik'!M2 | C97: =VLOOKUP('C - Tanah dan Geosintetik'!C2,'C - Tanah dan Geosintetik'!$C$2:$M$1070,2,FALSE) | D97: Meter Kubik | E97: =VLOOKUP('C - Tanah dan Geosintetik'!C2,'C - Tanah dan Geosintetik'!$C$2:$K$2,9,FALSE) | F97: Informatif | G97: C | H97: 318
A98: 92 | B98: ='C - Tanah dan Geosintetik'!M19 | C98: =VLOOKUP('C - Tanah dan Geosintetik'!C19,'C - Tanah dan Geosintetik'!$C$2:$M$1070,2,FALSE) | D98: Meter Kubik | E98: =VLOOKUP('C - Tanah dan Geosintetik'!C19,'C - Tanah dan Geosintetik'!$C$19:$K$19,9,FALSE) | F98: Informatif | G98: C | H98: 320
A99: 93 | B99: ='C - Tanah dan Geosintetik'!M37 | C99: =VLOOKUP('C - Tanah dan Geosintetik'!C37,'C - Tanah dan Geosintetik'!$C$2:$M$1070,2,FALSE) | D99: Meter Kubik | E99: =VLOOKUP('C - Tanah dan Geosintetik'!C37,'C - Tanah dan Geosintetik'!$C$37:$K$37,9,FALSE) | F99: Informatif | G99: C | H99: 323
A100: 94 | B100: ='C - Tanah dan Geosintetik'!M55 | C100: =VLOOKUP('C - Tanah dan Geosintetik'!C55,'C - Tanah dan Geosintetik'!$C$2:$M$1070,2,FALSE) | D100: Meter Kubik | E100: =VLOOKUP('C - Tanah dan Geosintetik'!C55,'C - Tanah dan Geosintetik'!$C$55:$K$55,9,FALSE) | F100: Informatif | G100: C | H100: 325
A101: 95 | B101: ='C - Tanah dan Geosintetik'!M73 | C101: =VLOOKUP('C - Tanah dan Geosintetik'!C73,'C - Tanah dan Geosintetik'!$C$2:$M$1070,2,FALSE) | D101: Meter Kubik | E101: =VLOOKUP('C - Tanah dan Geosintetik'!C73,'C - Tanah dan Geosintetik'!$C$73:$K$73,9,FALSE) | F101: Informatif | G101: C | H101: 327
A102: 96 | B102: ='C - Tanah dan Geosintetik'!M91 | C102: =VLOOKUP('C - Tanah dan Geosintetik'!C91,'C - Tanah dan Geosintetik'!$C$2:$M$1070,2,FALSE) | D102: Meter Kubik | E102: =VLOOKUP('C - Tanah dan Geosintetik'!C91,'C - Tanah dan Geosintetik'!$C$91:$K$91,9,FALSE) | F102: Informatif | G102: C | H102: 329
...

Sheet Upah Bahan
D4: HARGA SATUAN DASAR UPAH - MATERIAL - ALAT
D5: AHSP Bidang Bina Marga 2026 | SE Direktur Jenderal Bina Konstruksi No. 47/SE/Dk/2026
D7: NO | E7: Kode | F7: UPAH - MATERIAL - ALAT | G7: SATUAN | H7: HARGA SATUAN | I7: KETERANGAN
D8: 1 | F8: 2 | G8: 3 | H8: 4 | I8: 5
D9: I. UPAH / TENAGA KERJA | F9: I. UPAH / TENAGA KERJA
D10: 1 | E10: L01 | F10: Pekerja | G10: jam | H10: 27643.54 | I10: AHSP 2026 Bina Marga
D11: 2 | E11: L01 | F11: Pekerja Biasa | G11: Jam | H11: 27643.54 | I11: AHSP 2026 Bina Marga
D12: 3 | E12: L02 | F12: Tukang | G12: jam | H12: 29049.71 | I12: AHSP 2026 Bina Marga
D13: 4 | E13: L02 | F13: Tukang Batu | G13: jam | H13: 29049.71 | I13: AHSP 2026 Bina Marga
D14: 5 | E14: L02 | F14: Tukang Las | G14: jam | H14: 29049.71 | I14: AHSP 2026 Bina Marga
D15: 6 | E15: L03 | F15: Mandor | G15: jam | H15: 33312.62 | I15: AHSP 2026 Bina Marga
D16: 7 | E16: L03 | F16: Mandor 0,00 | G16: Jam | H16: 33312.62 | I16: AHSP 2026 Bina Marga
D17: 8 | E17: L03 | F17: Mandor Sub Total Tenaga 1.314,13 | G17: Jam | H17: 33312.62 | I17: AHSP 2026 Bina Marga
D18: 9 | E18: L03 | F18: Mandor Sub Total Tenaga 1.898,18 | G18: Jam | H18: 33312.62 | I18: AHSP 2026 Bina Marga
D19: 10 | E19: L03 | F19: Mandor Sub Total Tenaga 12.657,10 | G19: Jam | H19: 33312.62 | I19: AHSP 2026 Bina Marga
D20: 11 | E20: L03 | F20: Mandor Sub Total Tenaga 3.432,26 | G20: Jam | H20: 33312.62 | I20: AHSP 2026 Bina Marga
D21: 12 | E21: L03 | F21: Mandor Sub Total Tenaga 39.216,47 | G21: Jam | H21: 33312.62 | I21: AHSP 2026 Bina Marga
... D32: 23 | E32: L10 | F32: Kepala Tukang | G32: Jam | H32: 31517.85 | I32: AHSP 2026 Bina Marga
D33: 24 | F33: Biaya Engineering | G33: titik | H33: 225000 | I33: AHSP 2026 Bina Marga
D34: 25 | F34: Mandor (L02) | G34: Jam | H34: 33312.62 | I34: AHSP 2026 Bina Marga
D35: 26 | F35: Mandor (L03) | G35: Jam | H35: 33312.62 | I35: AHSP 2026 Bina Marga
D36: 27 | F36: Mobilisasi dan Demobilisasi Tenaga | G36: Ls | H36: 1500000 | I36: AHSP 2026 Bina Marga
D37: 28 | F37: Pekerja (L01) | G37: Jam | H37: 27643.54 | I37: AHSP 2026 Bina Marga
D38: 29 | F38: Tenaga Ahli Interpreter PDLT Test | G38: OH | H38: 849194.44 | I38: AHSP 2026 Bina Marga
D39: 30 | F39: Tenaga Instalasi Inclinometer | G39: M | H39: 45000 | I39: AHSP 2026 Bina Marga
D40: 31 | F40: Tenaga Instalasi Settlement Plate | G40: Titik | H40: 450000 | I40: AHSP 2026 Bina Marga
D41: 32 | F41: Tenaga Instalasi Water Stand Pipe | G41: M' | H41: 27500 | I41: AHSP 2026 Bina Marga
D42: 33 | F42: Tenaga Pendukung | G42: OH | H42: 407194.44 | I42: AHSP 2026 Bina Marga
D43: 34 | F43: Tenaga Pengeboran Batu | G43: M' | H43: 45000 | I43: AHSP 2026 Bina Marga
D44: 35 | F44: Tenaga Pengeboran Tanah | G44: M' | H44: 45000 | I44: AHSP 2026 Bina Marga
D45: II. MATERIAL / BAHAN | F45: II. MATERIAL / BAHAN
D46: 36 | E46: A1h | F46: Cetakan Kereb | G46: buah | H46: 750000 | I46: AHSP 2026 Bina Marga
D47: 37 | E47: EI311 | F47: Galian Tanah Biasa | G47: M3 | H47: 38354.36 | I47: AHSP 2026 Bina Marga
D48: 38 | E48: EI311 | F48: Galian tanah biasa | G48: M3 | H48: 38354.36 | I48: AHSP 2026 Bina Marga
D49: 39 | E49: EI612a | F49: Lapis Perekat | G49: liter | H49: 22050.83 | I49: AHSP 2026 Bina Marga
D50: 40 | E50: EI871b | F50: tebal 240 mikron | G50: M2 | H50: 344333.01 | I50: AHSP 2026 Bina Marga
D51: 41 | E51: EI923a | F51: Pekerjaan Galian | G51: M3 | H51: 72623.2 | I51: AHSP 2026 Bina Marga
D52: 42 | E52: L02 | F52: Tukang Sub Total Tenaga 11.619,88 | G52: Jam | H52: 29049.71 | I52: AHSP 2026 Bina Marga
D53: 43 | E53: L03 | F53: Mandor Sub Total Tenaga 11.764,94 | G53: Jam | H53: 33312.62 | I53: AHSP 2026 Bina Marga
D54: 44 | E54: L03 | F54: Mandor Sub Total Tenaga 2.005,80 | G54: Jam | H54: 33312.62 | I54: AHSP 2026 Bina Marga
D55: 45 | E55: L03 | F55: Mandor Sub Total Tenaga 3.838,98 | G55: Jam | H55: 33312.62 | I55: AHSP 2026 Bina Marga
D56: 46 | E56: M01a | F56: Agregat Halus | G56: M3 | H56: 168800 | I56: AHSP 2026 Bina Marga
D57: 47 | E57: M01a | F57: Agregat Halus Beton | G57: M3 | H57: 168800 | I57: AHSP 2026 Bina Marga
... D913: 903 | E913: M98 | F913: Curing compound | G913: Ltr | H913: 38500 | I913: AHSP 2026 Bina Marga
D914: 904 | F914: Acuan / bekisting (M130) | G914: m2 | H914: 170000 | I914: AHSP 2026 Bina Marga
D915: 905 | F915: Agg Pengunci (M92) | G915: M3 | H915: 315168.58 | I915: AHSP 2026 Bina Marga
D916: 906 | F916: Agg Penutup (M92) | G916: Kg | H916: 315168.58 | I916: AHSP 2026 Bina Marga
D917: 907 | F917: Agg Pokok (M92) | G917: M3 | H917: 315168.58 | I917: AHSP 2026 Bina Marga
D918: 908 | F918: Aggr 0 - 5 (M91) | G918: M3 | H918: 315168.58 | I918: AHSP 2026 Bina Marga
D919: 909 | F919: Agr 0 - 5 (M91) | G919: M3 | H919: 315168.58 | I919: AHSP 2026 Bina Marga
D920: 910 | F920: Agr 0-5 (M91) | G920: M3 | H920: 315168.58 | I920: AHSP 2026 Bina Marga
D921: 911 | F921: Agr 5-10 & 10-15 (M92) | G921: M3 | H921: 315168.58 | I921: AHSP 2026 Bina Marga
D922: 912 | F922: Agr 5-10 & 10-20 (M92) | G922: M3 | H922: 315168.58 | I922: AHSP 2026 Bina Marga
D923: 913 | F923: Agr 5-8 & 11-16 & 16-22 (M92) | G923: M3 | H923: 315168.58 | I923: AHSP 2026 Bina Marga
D924: 914 | F924: Agr 5-8 & 11-16 (M92) | G924: M3 | H924: 315168.58 | I924: AHSP 2026 Bina Marga
D925: 915 | F925: Agr Pch Mesin 0 - 5 (M91) | G925: M3 | H925: 315168.58 | I925: AHSP 2026 Bina Marga
... D932: 922 | F932: Agr Pch Mesin 5-8 & 8-11 & 11-16 & 16-22 (M92) | G932: M3 | H932: 315168.58 | I932: AHSP 2026 Bina Marga
D933: 923 | F933: Agregat 14 - 20 mm M77 Kg/m' | H933: 3750 | I933: AHSP 2026 Bina Marga
D934: 924 | F934: Agregate(0/5) M91 M³ | H934: 315168.58 | I934: AHSP 2026 Bina Marga
D935: 925 | F935: Asbuton 50/30 (M163) | G935: Kg | H935: 11000 | I935: AHSP 2026 Bina Marga
D936: 926 | F936: Aspal Emulsi CRS (M31b) | G936: liter | H936: 12000 | I936: AHSP 2026 Bina Marga
D937: 927 | F937: Aspal Emulsi CRS-1 (M31b) atau RS-1 | G937: Liter | H937: 12000 | I937: AHSP 2026 Bina Marga
D938: 928 | F938: Aspal Emulsi CSS-1 (M31a) atau SS-1 | G938: Liter | H938: 10500 | I938: AHSP 2026 Bina Marga
D939: 929 | F939: Aspal Emulsi Mod Polime (M31d) | G939: Liter | H939: 12300 | I939: AHSP 2026 Bina Marga
D940: 930 | F940: Aspal Pen 60/70 (M10) | G940: Kg | H940: 7032.26 | I940: AHSP 2026 Bina Marga
D941: 931 | F941: Bahan lainnya | G941: Ls | H941: 0 | I941: AHSP 2026 Bina Marga
D942: 932 | F942: Bahan turap kayu dengan pengawetan M192 M3/M2 | H942: 1300000 | I942: AHSP 2026 Bina Marga
D943: 933 | F943: Bahan turap kayu tanpa pengawetan M192 M3/M2 | H943: 1300000 | I943: AHSP 2026 Bina Marga
D944: 934 | F944: Baut dan Mur (M223) | G944: buah | H944: 13000 | I944: AHSP 2026 Bina Marga
D945: 935 | F945: Baut mutu tinggi A325 Tipe 1 diameter M210A M25 | G945: buah | H945: 33000 | I945: AHSP 2026 Bina Marga
D946: 936 | F946: Bekisting/Fix Form Rigid Pavement | G946: bh/M' | H946: 153060.88 | I946: AHSP 2026 Bina Marga
D947: 937 | F947: Beton fc' 30 MPa (M59) | G947: m3 | H947: 1382749.4 | I947: AHSP 2026 Bina Marga
D948: 938 | F948: Bridging Plate M133 Kg/M' | H948: 17000 | I948: AHSP 2026 Bina Marga
D949: 939 | F949: Bridging Plate M133 Kg/m' | H949: 17000 | I949: AHSP 2026 Bina Marga
D950: 940 | F950: CPHMA Curah (M162b) | G950: M3 | H950: 1025000 | I950: AHSP 2026 Bina Marga
D951: 941 | F951: Cetakan Kereb A1nh | G951: buah | H951: 750000 | I951: AHSP 2026 Bina Marga
D952: 942 | F952: Cetakan Kereb A2nh | G952: buah | H952: 750000 | I952: AHSP 2026 Bina Marga
D953: 943 | F953: Cetakan Kereb B1nh | G953: buah | H953: 750000 | I953: AHSP 2026 Bina Marga
D954: 944 | F954: Cetakan Kereb B2nh | G954: buah | H954: 750000 | I954: AHSP 2026 Bina Marga
D955: 945 | F955: Cetakan Kereb C1nh | G955: buah | H955: 750000 | I955: AHSP 2026 Bina Marga
D956: 946 | F956: Cetakan Kereb C2nh | G956: buah | H956: 750000 | I956: AHSP 2026 Bina Marga
D957: 947 | F957: Cetakan gorong-gorong beton diameter dalam 20 cm | G957: bh/M' | H957: 1495.91 | I957: AHSP 2026 Bina Marga
D958: 948 | F958: Cetakan gorong-gorong beton diameter dalam 30 cm | G958: bh/M' | H958: 544.13 | I958: AHSP 2026 Bina Marga
D959: 949 | F959: Cetakan gorong-gorong beton diameter dalam 40 cm | G959: bh/M' | H959: 33177.41 | I959: AHSP 2026 Bina Marga
D960: 950 | F960: Cetakan gorong-gorong kotak ukuran 100 x 100 | G960: bh/M' | H960: 58661.58 | I960: AHSP 2026 Bina Marga
D961: 951 | F961: Cetakan gorong-gorong kotak ukuran 120 x 120 | G961: bh/M' | H961: 58661.58 | I961: AHSP 2026 Bina Marga
... D982: 972 | F982: Elastomer karet ukuran 300 x 200 x 50 mm | G982: Buah | H982: 0 | I982: AHSP 2026 Bina Marga
D983: 973 | F983: Formwork Plate M195 Set/M2 | H983: 45000 | I983: AHSP 2026 Bina Marga
D984: 974 | F984: Graut berbahan dasar M270 Kilogram Cellular Plastic | H984: 350000 | I984: AHSP 2026 Bina Marga
D985: 975 | F985: Inclinometer ABS OD 70 mm | G985: Buah | H985: 729508.2 | I985: AHSP 2026 Bina Marga
D986: 976 | F986: Kabel NYFGBY 3 x 10 mm2 M396ag | G986: M' | H986: 68000 | I986: AHSP 2026 Bina Marga
D987: 977 | F987: Kabel NYFGBY 4C - 120 mm2 M396ad | G987: M' | H987: 1135500 | I987: AHSP 2026 Bina Marga
D988: 978 | F988: Kabel NYFGBY 4C - 150 mm2 M396ae | G988: M' | H988: 1391000 | I988: AHSP 2026 Bina Marga
D989: 979 | F989: Kabel NYFGBY 4C - 16 mm2 M396ae | G989: M' | H989: 72623.2 | I989: AHSP 2026 Bina Marga
D990: 980 | F990: Kabel NYFGBY 4C - 70 mm2 M396aa | G990: M' | H990: 533500 | I990: AHSP 2026 Bina Marga
D991: 981 | F991: Kabel NYFGBY 4C - 90 mm2 M396ab | G991: M' | H991: 800500 | I991: AHSP 2026 Bina Marga
D992: 982 | F992: Kabel NYFGBY 4C - 95 mm2 M396ac | G992: M' | H992: 907500 | I992: AHSP 2026 Bina Marga
D993: 983 | F993: Kabel NYFGBY 7C - 2.5 mm2 M396af | G993: M' | H993: 70550 | I993: AHSP 2026 Bina Marga
D994: 984 | F994: Kabel NYY 4C - 10 mm2 M396ah | G994: M' | H994: 94000 | I994: AHSP 2026 Bina Marga
D995: 985 | F995: Kabel NYY 4C - 16 mm2 M396ai | G995: M' | H995: 156000 | I995: AHSP 2026 Bina Marga
...

Sheet A - Umum dan Penerapan SMKK
C2: A.1 | D2: Mobilisasi | F2: Lumsum | M2: 1.2
D3: (tidak ada tabel analisa / lembar rekapitulasi kosong pada lampiran)
C5: A.2 | D5: Pembayaran Bersyarat (Provisional Sums) | F5: Provisional Sums | M5: 1.7
D6: (tidak ada tabel analisa / lembar rekapitulasi kosong pada lampiran)
N7: Catatan:
C8: A.3 | D8: Building Information Modelling (BIM) | F8: Lumsum | M8: 1.13.(1) | N8: Biaya Umum dan Keuntungan | O8: 0.1 | Q8: 0.1
D9: (tidak ada tabel analisa / lembar rekapitulasi kosong pada lampiran)
C11: A.4 | D11: Pengeboran, termasuk SPT dan Laporan | F11: Meter Panjang | M11: 1.20.(1)
D12: (tidak ada tabel analisa / lembar rekapitulasi kosong pada lampiran)
C14: A.5 | D14: Sondir termasuk Laporan | F14: Meter Panjang | M14: 1.20.(2)
D15: (tidak ada tabel analisa / lembar rekapitulasi kosong pada lampiran)
C17: A.6 | D17: DCP-CBR termasuk Laporan | F17: Buah | M17: 1.20.(3)
D18: (tidak ada tabel analisa / lembar rekapitulasi kosong pada lampiran)
C20: A.7 | D20: Sistem Manajemen Keselamatan Konstruksi (SMKK) | M20: A.7
D21: (tidak ada tabel analisa / lembar rekapitulasi kosong pada lampiran)

Sheet B - Drainase
C2: B.1 | D2: Galian untuk Selokan Drainase dan Saluran Air | F2: Meter Kubik | K2: =ROUNDDOWN(J17,0) | M2: 2.1.(1)
C3: No | D3: Uraian | E3: Kode | F3: Sat. | G3: Koefisien | H3: Harga Satuan (Rp) | J3: Jumlah Harga (Rp)
C4: A | D4: TENAGA KERJA
C5: 1 | D5: Pekerja | E5: L01 | F5: jam | G5: 0.29141564 | H5: =VLOOKUP(D5,upahbahan,3,FALSE) | J5: =G5*H5
C6: 2 | D6: Mandor | E6: L03 | F6: jam | G6: 0.048569281 | H6: =VLOOKUP(D6,upahbahan,3,FALSE) | J6: =G6*H6
C7: JUMLAH HARGA TENAGA KERJA | J7: =SUM(J5:J6) | N7: Catatan:
C8: B | D8: BAHAN | N8: Biaya Umum dan Keuntungan | O8: 0.1 | Q8: 0.1
C9: JUMLAH HARGA BAHAN | J9: 0
C10: C | D10: PERALATAN
C11: 1 | D11: Mini Excavator | E11: E10a | F11: jam | G11: 0.048569286 | H11: =VLOOKUP(D11,upahbahan,3,FALSE) | J11: =G11*H11
C12: 2 | D12: Dump Truck | E12: E08 | F12: jam | G12: 0.11373809 | H12: 433363.61 | I12: harga khusus | J12: =G12*H12
C13: 3 | D13: Alat Bantu | F13: Ls | G13: 1 | H13: =VLOOKUP(D13,upahbahan,3,FALSE) | J13: =G13*H13
C14: JUMLAH HARGA PERALATAN | J14: =SUM(J11:J13)
C15: D | D15: Jumlah (A+B+C) | J15: =J7+J9+J14
C16: E | D16: Biaya Umum dan Keuntungan 10.0% x D | H16: =$Q$8 | J16: =J15*H16
C17: F | D17: Harga Satuan Pekerjaan (D+E) | J17: =SUM(J15:J16)
C19: B.2 | D19: Pasangan Batu dengan Mortar | F19: Meter Kubik | K19: =ROUNDDOWN(J42,0) | M19: 2.2.(1)
C20: No | D20: Uraian | E20: Kode | F20: Sat. | G20: Koefisien | H20: Harga Satuan (Rp) | J20: Jumlah Harga (Rp)
C21: A | D21: TENAGA KERJA
C22: 1 | D22: Pekerja | E22: L01 | F22: jam | G22: 1.6064256 | H22: =VLOOKUP(D22,upahbahan,3,FALSE) | J22: =G22*H22
C23: 2 | D23: Tukang Batu | E23: L02 | F23: jam | G23: 0.64257027 | H23: =VLOOKUP(D23,upahbahan,3,FALSE) | J23: =G23*H23
C24: 3 | D24: Mandor | E24: L03 | F24: jam | G24: 0.080321212 | H24: =VLOOKUP(D24,upahbahan,3,FALSE) | J24: =G24*H24
C25: JUMLAH HARGA TENAGA KERJA | J25: =SUM(J22:J24)
C26: B | D26: BAHAN
C27: 1 | D27: Batu Kali | E27: M02 | F27: M3 | G27: 1.6114409 | H27: =VLOOKUP(D27,upahbahan,3,FALSE) | J27: =G27*H27
C28: 2 | D28: Semen | E28: M12 | F28: Kg | G28: 165.375 | H28: =VLOOKUP(D28,upahbahan,3,FALSE) | J28: =G28*H28
C29: 3 | D29: Pasir | E29: M01b | F29: M3 | G29: 0.62535453 | H29: =VLOOKUP(D29,upahbahan,3,FALSE) | J29: =G29*H29
C30: 4 | D30: Air | E30: M170 | F30: Ltr | G30: 105.75017 | H30: =VLOOKUP(D30,upahbahan,3,FALSE) | J30: =G30*H30
C31: 5 | D31: Pipa Pralon Dia 2 I | E31: M280 | F31: M' | G31: 0.16025642 | H31: =VLOOKUP(D31,upahbahan,3,FALSE) | J31: =G31*H31
C32: 6 | D32: Kayu | E32: M19 | F32: M3 | G32: 0.019230771 | H32: =VLOOKUP(D32,upahbahan,3,FALSE) | J32: =G32*H32
C33: 7 | D33: Paku | E33: M18 | F33: Kg | G33: 0.28205139 | H33: =VLOOKUP(D33,upahbahan,3,FALSE) | J33: =G33*H33
C34: JUMLAH HARGA BAHAN | J34: =SUM(J27:J33)
C35: C | D35: PERALATAN
C36: 1 | D36: Concrete Mixer | E36: E06 | F36: jam | G36: 0.080321246 | H36: =VLOOKUP(D36,upahbahan,3,FALSE) | J36: =G36*H36
C37: 2 | D37: Water Tank truck | E37: E23 | F37: jam | G37: 0.021234934 | H37: =VLOOKUP(D37,upahbahan,3,FALSE) | J37: =G37*H37
C38: 3 | D38: Alat Bantu | F38: Ls | G38: 1 | H38: =VLOOKUP(D38,upahbahan,3,FALSE) | J38: =G38*H38
C39: JUMLAH HARGA PERALATAN | J39: =SUM(J36:J38)
C40: D | D40: Jumlah (A+B+C) | J40: =J25+J34+J39
C41: E | D41: Biaya Umum dan Keuntungan 10.0% x D | H41: =$Q$8 | J41: =J40*H41
C42: F | D42: Harga Satuan Pekerjaan (D+E) | J42: =SUM(J40:J41)
C44: B.3 | D44: Pasangan Batu dengan Mortar DS-2 | F44: Meter Panjang | K44: =ROUNDDOWN(J64,0) | M44: 2.2.(2)
C45: No | D45: Uraian | E45: Kode | F45: Sat. | G45: Koefisien | H45: Harga Satuan (Rp) | J45: Jumlah Harga (Rp)
C46: A | D46: TENAGA KERJA
C47: 1 | D47: Pekerja | E47: L01 | F47: jam | G47: 1.6906561 | H47: =VLOOKUP(D47,upahbahan,3,FALSE) | J47: =G47*H47
C48: 2 | D48: Tukang Batu | E48: L02 | F48: jam | G48: 0.67626252 | H48: =VLOOKUP(D48,upahbahan,3,FALSE) | J48: =G48*H48
C49: 3 | D49: Mandor | E49: L03 | F49: jam | G49: 0.084532829 | H49: =VLOOKUP(D49,upahbahan,3,FALSE) | J49: =G49*H49
C50: JUMLAH HARGA TENAGA KERJA | J50: =SUM(J47:J49)
C51: B | D51: BAHAN
C52: 1 | D52: Batu Kali | E52: M02 | F52: M3 | G52: 0.3039988 | H52: =VLOOKUP(D52,upahbahan,3,FALSE) | J52: =G52*H52
C53: 2 | D53: Semen | E53: M12 | F53: Kg | G53: 0.06630625 | H53: =VLOOKUP(D53,upahbahan,3,FALSE) | J53: =G53*H53
C54: 3 | D54: Pasir | E54: M01b | F54: M3 | G54: 0.25342598 | H54: =VLOOKUP(D54,upahbahan,3,FALSE) | J54: =G54*H54
C55: 4 | D55: Air | E55: M170 | F55: Ltr | G55: 105.75017 | H55: =VLOOKUP(D55,upahbahan,3,FALSE) | J55: =G55*H55
C56: JUMLAH HARGA BAHAN | J56: =SUM(J52:J55)
C57: C | D57: PERALATAN
C58: 1 | D58: Concrete Mixer | E58: E06 | F58: jam | G58: 0.084532848 | H58: =VLOOKUP(D58,upahbahan,3,FALSE) | J58: =G58*H58
C59: 2 | D59: Water Tank truck | E59: E23 | F59: jam | G59: 0.022348356 | H59: =VLOOKUP(D59,upahbahan,3,FALSE) | J59: =G59*H59
C60: 3 | D60: Alat Bantu | F60: Ls | G60: 1 | H60: =VLOOKUP(D60,upahbahan,3,FALSE) | J60: =G60*H60
C61: JUMLAH HARGA PERALATAN | J61: =SUM(J58:J60)
C62: D | D62: Jumlah (A+B+C) | J62: =J50+J56+J61
C63: E | D63: Biaya Umum dan Keuntungan 10.0% x D | H63: =$Q$8 | J63: =J62*H63
C64: F | D64: Harga Satuan Pekerjaan (D+E) | J64: =SUM(J62:J63)
C66: B.4 | D66: Pasangan Batu dengan Mortar DS-4 | F66: Meter Panjang | K66: =ROUNDDOWN(J88,0) | M66: 2.2.(3)
C67: No | D67: Uraian | E67: Kode | F67: Sat. | G67: Koefisien | H67: Harga Satuan (Rp) | J67: Jumlah Harga (Rp)
C68: A | D68: TENAGA KERJA
C69: 1 | D69: Pekerja | E69: L01 | F69: jam | G69: 1.4294895 | H69: =VLOOKUP(D69,upahbahan,3,FALSE) | J69: =G69*H69
C70: 2 | D70: Tukang Batu | E70: L02 | F70: jam | G70: 0.57179573 | H70: =VLOOKUP(D70,upahbahan,3,FALSE) | J70: =G70*H70
C71: 3 | D71: Mandor | E71: L03 | F71: jam | G71: 0.071474414 | H71: =VLOOKUP(D71,upahbahan,3,FALSE) | J71: =G71*H71
C72: JUMLAH HARGA TENAGA KERJA | J72: =SUM(J69:J71)
C73: B | D73: BAHAN
C74: 1 | D74: Batu Kali | E74: M02 | F74: M3 | G74: 0.85679359 | H74: =VLOOKUP(D74,upahbahan,3,FALSE) | J74: =G74*H74
C75: 2 | D75: Semen | E75: M12 | F75: Kg | G75: 0.18686875 | H75: =VLOOKUP(D75,upahbahan,3,FALSE) | J75: =G75*H75
C76: 3 | D76: Pasir | E76: M01b | F76: M3 | G76: 1.0594217 | H76: =VLOOKUP(D76,upahbahan,3,FALSE) | J76: =G76*H76
C77: 4 | D77: Air | E77: M170 | F77: Ltr | G77: 105.75017 | H77: =VLOOKUP(D77,upahbahan,3,FALSE) | J77: =G77*H77
C78: 5 | D78: Pipa Pralon Dia 2 I | E78: M280 | F78: M' | G78: 2.6 | H78: =VLOOKUP(D78,upahbahan,3,FALSE) | J78: =G78*H78
C79: 6 | D79: Mortar | E79: M279 | F79: M3 | G79: 0.042300084 | H79: =VLOOKUP(D79,upahbahan,3,FALSE) | J79: =G79*H79
C80: JUMLAH HARGA BAHAN | J80: =SUM(J74:J79)
C81: C | D81: PERALATAN
C82: 1 | D82: Concrete Mixer | E82: E06 | F82: jam | G82: 0.071474439 | H82: =VLOOKUP(D82,upahbahan,3,FALSE) | J82: =G82*H82
C83: 2 | D83: Water Tank Truck | E83: E23 | F83: jam | G83: 0.018896053 | H83: =VLOOKUP(D83,upahbahan,3,FALSE) | J83: =G83*H83
C84: 3 | D84: Alat Bantu | F84: Ls | G84: 1 | H84: =VLOOKUP(D84,upahbahan,3,FALSE) | J84: =G84*H84
C85: JUMLAH HARGA PERALATAN | J85: =SUM(J82:J84)
C86: D | D86: Jumlah (A+B+C) | J86: =J72+J80+J85
C87: E | D87: Biaya Umum dan Keuntungan 10.0% x D | H87: =$Q$8 | J87: =J86*H87
C88: F | D88: Harga Satuan Pekerjaan (D+E) | J88: =SUM(J86:J87)
C90: B.5 | D90: Pasangan Batu dengan Mortar DS-5 | F90: Meter Panjang | K90: =ROUNDDOWN(J112,0) | M90: 2.2.(4)
C91: No | D91: Uraian | E91: Kode | F91: Sat. | G91: Koefisien | H91: Harga Satuan (Rp) | J91: Jumlah Harga (Rp)
C92: A | D92: TENAGA KERJA
C93: 1 | D93: Pekerja | E93: L01 | F93: jam | G93: 2.6126846 | H93: =VLOOKUP(D93,upahbahan,3,FALSE) | J93: =G93*H93
C94: 2 | D94: Tukang Batu | E94: L02 | F94: jam | G94: 1.0450738 | H94: =VLOOKUP(D94,upahbahan,3,FALSE) | J94: =G94*H94
C95: 3 | D95: Mandor | E95: L03 | F95: jam | G95: 0.13063428 | H95: =VLOOKUP(D95,upahbahan,3,FALSE) | J95: =G95*H95
C96: JUMLAH HARGA TENAGA KERJA | J96: =SUM(J93:J95)
C97: B | D97: BAHAN
C98: 1 | D98: Batu Kali | E98: M02 | F98: M3 | G98: 1.5659657 | H98: =VLOOKUP(D98,upahbahan,3,FALSE) | J98: =G98*H98
C99: 2 | D99: Semen | E99: M12 | F99: Kg | G99: 0.34154375 | H99: =VLOOKUP(D99,upahbahan,3,FALSE) | J99: =G99*H99
C100: 3 | D100: Pasir | E100: M01b | F100: M3 | G100: 1.7381605 | H100: =VLOOKUP(D100,upahbahan,3,FALSE) | J100: =G100*H100
C101: 4 | D101: Air | E101: M170 | F101: Ltr | G101: 105.75017 | H101: =VLOOKUP(D101,upahbahan,3,FALSE) | J101: =G101*H101
C102: 5 | D102: Pipa Pralon Dia 2 Inch | E102: M280 | F102: M' | G102: 2.8 | H102: =VLOOKUP(D102,upahbahan,3,FALSE) | J102: =G102*H102
C103: 6 | D103: Mortar | E103: M279 | F103: M3 | G103: 0.042300084 | H103: =VLOOKUP(D103,upahbahan,3,FALSE) | J103: =G103*H103
C104: JUMLAH HARGA BAHAN | J104: =SUM(J98:J103)
C105: C | D105: PERALATAN
...

Sheet C - Tanah dan Geosintetik
C2: C.1 | D2: Galian Biasa | F2: Meter Kubik | K2: =ROUNDDOWN(J17,0) | M2: 3.1.(1)
C3: No | D3: Uraian | E3: Kode | F3: Sat. | G3: Koefisien | H3: Harga Satuan (Rp) | J3: Jumlah Harga (Rp)
C4: A | D4: TENAGA KERJA
C5: 1 | D5: Pekerja | E5: L01 | F5: Jam | G5: 0.028609216 | H5: =VLOOKUP(D5,upahbahan,3,FALSE) | J5: =G5*H5
C6: 2 | D6: Mandor | E6: L03 | F6: Jam | G6: 0.014304489 | H6: =VLOOKUP(D6,upahbahan,3,FALSE) | J6: =G6*H6
C7: JUMLAH HARGA TENAGA KERJA | J7: =SUM(J5:J6) | N7: Catatan:
C8: B | D8: BAHAN | N8: Biaya Umum dan Keuntungan | O8: 0.1 | Q8: 0.1
C9: JUMLAH HARGA BAHAN | J9: 0
C10: C | D10: PERALATAN
C11: 1 | D11: Excavator | E11: E10 | F11: Jam | G11: 0.014304524 | H11: =VLOOKUP(D11,upahbahan,3,FALSE) | J11: =G11*H11
C12: 2 | D12: DUMP TRUCK TRONTON 10 TON | E12: E35 | F12: Jam | G12: 0.039322726 | H12: =VLOOKUP(D12,upahbahan,3,FALSE) | J12: =G12*H12
C13: 3 | D13: Alat Bantu | F13: Ls | G13: 1 | H13: =VLOOKUP(D13,upahbahan,3,FALSE) | J13: =G13*H13
C14: JUMLAH HARGA PERALATAN | J14: =SUM(J11:J13)
C15: D | D15: Jumlah (A+B+C) | J15: =J7+J9+J14
C16: E | D16: Biaya Umum dan Keuntungan 10.0% x D | H16: =$Q$8 | J16: =J15*H16
C17: F | D17: Harga Satuan Pekerjaan (D+E) | J17: =SUM(J15:J16)
C19: C.2 | D19: Galian Batu Lunak | F19: Meter Kubik | K19: =ROUNDDOWN(J35,0) | M19: 3.1.(2)
C20: No | D20: Uraian | E20: Kode | F20: Sat. | G20: Koefisien | H20: Harga Satuan (Rp) | J20: Jumlah Harga (Rp)
C21: A | D21: TENAGA KERJA
C22: 1 | D22: Pekerja | E22: L01 | F22: Jam | G22: 0.020296243 | H22: =VLOOKUP(D22,upahbahan,3,FALSE) | J22: =G22*H22
C23: 2 | D23: Mandor | E23: L03 | F23: Jam | G23: 0.010148106 | H23: =VLOOKUP(D23,upahbahan,3,FALSE) | J23: =G23*H23
C24: JUMLAH HARGA TENAGA KERJA | J24: =SUM(J22:J23)
C25: B | D25: BAHAN
C26: JUMLAH HARGA BAHAN | J26: 0
C27: C | D27: PERALATAN
C28: 1 | D28: Excavator | E28: E10 | F28: Jam | G28: 0.010148121 | H28: =VLOOKUP(D28,upahbahan,3,FALSE) | J28: =G28*H28
C29: 2 | D29: DUMP TRUCK TRONTON 10 TON | E29: E35 | F29: Jam | G29: 0.031102151 | H29: =VLOOKUP(D29,upahbahan,3,FALSE) | J29: =G29*H29
C30: 3 | D30: Rock Drill Breaker | E30: E37 | F30: Jam | G30: 0.051729171 | H30: =VLOOKUP(D30,upahbahan,3,FALSE) | J30: =G30*H30
C31: 4 | D31: Alat bantu | F31: Ls | G31: 1 | H31: =VLOOKUP(D31,upahbahan,3,FALSE) | J31: =G31*H31
C32: JUMLAH HARGA PERALATAN | J32: =SUM(J28:J31)
C33: D | D33: Jumlah (A+B+C) | J33: =J24+J26+J32
C34: E | D34: Biaya Umum dan Keuntungan 10.0% x D | H34: =$Q$8 | J34: =J33*H34
C35: F | D35: Harga Satuan Pekerjaan (D+E) | J35: =SUM(J33:J34)
C37: C.3 | D37: Galian Batu | F37: Meter Kubik | K37: =ROUNDDOWN(J53,0) | M37: 3.1.(3)
C38: No | D38: Uraian | E38: Kode | F38: Sat. | G38: Koefisien | H38: Harga Satuan (Rp) | J38: Jumlah Harga (Rp)
C39: A | D39: TENAGA KERJA
C40: 1 | D40: Pekerja | E40: L01 | F40: Jam | G40: 0.020296243 | H40: =VLOOKUP(D40,upahbahan,3,FALSE) | J40: =G40*H40
C41: 2 | D41: Mandor | E41: L03 | F41: Jam | G41: 0.010148106 | H41: =VLOOKUP(D41,upahbahan,3,FALSE) | J41: =G41*H41
C42: JUMLAH HARGA TENAGA KERJA | J42: =SUM(J40:J41)
C43: B | D43: BAHAN
C44: JUMLAH HARGA BAHAN | J44: 0
C45: C | D45: PERALATAN
C46: 1 | D46: Excavator | E46: E10 | F46: Jam | G46: 0.010148121 | H46: =VLOOKUP(D46,upahbahan,3,FALSE) | J46: =G46*H46
C47: 2 | D47: Rock Drill Breaker | E47: E37 | F47: Jam | G47: 0.10696539 | H47: =VLOOKUP(D47,upahbahan,3,FALSE) | J47: =G47*H47
C48: 3 | D48: DUMP TRUCK TRONTON 10 TON | E48: E35 | F48: Jam | G48: 0.056584085 | H48: =VLOOKUP(D48,upahbahan,3,FALSE) | J48: =G48*H48
C49: 4 | D49: Alat bantu | F49: Ls | G49: 1 | H49: =VLOOKUP(D49,upahbahan,3,FALSE) | J49: =G49*H49
C50: JUMLAH HARGA PERALATAN | J50: =SUM(J46:J49)
C51: D | D51: Jumlah (A+B+C) | J51: =J42+J44+J50
C52: E | D52: Biaya Umum dan Keuntungan 10.0% x D | H52: =$Q$8 | J52: =J51*H52
C53: F | D53: Harga Satuan Pekerjaan (D+E) | J53: =SUM(J51:J52)
C55: C.4 | D55: Galian Struktur dengan Kedalaman 0 - 2 M | F55: Meter Kubik | K55: =ROUNDDOWN(J71,0) | M55: 3.1.(4)
C56: No | D56: Uraian | E56: Kode | F56: Sat. | G56: Koefisien | H56: Harga Satuan (Rp) | J56: Jumlah Harga (Rp)
C57: A | D57: TENAGA KERJA
C58: 1 | D58: Pekerja | E58: L01 | F58: Jam | G58: 0.05885281 | H58: =VLOOKUP(D58,upahbahan,3,FALSE) | J58: =G58*H58
C59: 2 | D59: Mandor | E59: L03 | F59: Jam | G59: 0.014713343 | H59: =VLOOKUP(D59,upahbahan,3,FALSE) | J59: =G59*H59
C60: JUMLAH HARGA TENAGA KERJA | J60: =SUM(J58:J59)
C61: B | D61: BAHAN
C62: 1 | D62: Timbunan Pilihan | E62: M09 | F62: M3 | G62: 2.0052084 | H62: =VLOOKUP(D62,upahbahan,3,FALSE) | J62: =G62*H62
C63: JUMLAH HARGA BAHAN | J63: =SUM(J62:J62)
C64: C | D64: PERALATAN
C65: 1 | D65: Excavator | E65: E10 | F65: Jam | G65: 0.014713224 | H65: =VLOOKUP(D65,upahbahan,3,FALSE) | J65: =G65*H65
C66: 2 | D66: DUMP TRUCK TRONTON 10 TON | E66: E35 | F66: Jam | G66: 0.069634418 | H66: =VLOOKUP(D66,upahbahan,3,FALSE) | J66: =G66*H66
C67: 3 | D67: Alat bantu | F67: Ls | G67: 1 | H67: =VLOOKUP(D67,upahbahan,3,FALSE) | J67: =G67*H67
C68: JUMLAH HARGA PERALATAN | J68: =SUM(J65:J67)
C69: D | D69: Jumlah (A+B+C) | J69: =J60+J63+J68
C70: E | D70: Biaya Umum dan Keuntungan 10.0% x D | H70: =$Q$8 | J70: =J69*H70
C71: F | D71: Harga Satuan Pekerjaan (D+E) | J71: =SUM(J69:J70)
C73: C.5 | D73: Galian Struktur dengan Kedalaman 2 - 4 M | F73: Meter Kubik | K73: =ROUNDDOWN(J89,0) | M73: 3.1.(5)
C74: No | D74: Uraian | E74: Kode | F74: Sat. | G74: Koefisien | H74: Harga Satuan (Rp) | J74: Jumlah Harga (Rp)
C75: A | D75: TENAGA KERJA
C76: 1 | D76: Pekerja | E76: L01 | F76: Jam | G76: 0.05885281 | H76: =VLOOKUP(D76,upahbahan,3,FALSE) | J76: =G76*H76
C77: 2 | D77: Mandor | E77: L03 | F77: Jam | G77: 0.014713343 | H77: =VLOOKUP(D77,upahbahan,3,FALSE) | J77: =G77*H77
C78: JUMLAH HARGA TENAGA KERJA | J78: =SUM(J76:J77)
C79: B | D79: BAHAN
C80: 1 | D80: Timbunan Pilihan | E80: M09 | F80: M3 | G80: 1.8229168 | H80: =VLOOKUP(D80,upahbahan,3,FALSE) | J80: =G80*H80
C81: JUMLAH HARGA BAHAN | J81: =SUM(J80:J80)
C82: C | D82: PERALATAN
C83: 1 | D83: Excavator | E83: E10 | F83: Jam | G83: 0.014713224 | H83: =VLOOKUP(D83,upahbahan,3,FALSE) | J83: =G83*H83
C84: 2 | D84: DUMP TRUCK TRONTON 10 TON | E84: E35 | F84: Jam | G84: 0.069634418 | H84: =VLOOKUP(D84,upahbahan,3,FALSE) | J84: =G84*H84
C85: 3 | D85: Alat bantu | F85: Ls | G85: 1 | H85: =VLOOKUP(D85,upahbahan,3,FALSE) | J85: =G85*H85
C86: JUMLAH HARGA PERALATAN | J86: =SUM(J83:J85)
C87: D | D87: Jumlah (A+B+C) | J87: =J78+J81+J86
C88: E | D88: Biaya Umum dan Keuntungan 10.0% x D | H88: =$Q$8 | J88: =J87*H88
C89: F | D89: Harga Satuan Pekerjaan (D+E) | J89: =SUM(J87:J88)
C91: C.6 | D91: Galian Struktur dengan Kedalaman 4 - 6 M Tambahan biaya galian untuk Mata Pembayaran 3.1.(4) | F91: Meter Kubik | K91: =ROUNDDOWN(J107,0) | M91: 3.1.(6)
C92: No | D92: Uraian | E92: Kode | F92: Sat. | G92: Koefisien | H92: Harga Satuan (Rp) | J92: Jumlah Harga (Rp)
C93: A | D93: TENAGA KERJA
C94: 1 | D94: Pekerja | E94: L01 | F94: Jam | G94: 0.05885281 | H94: =VLOOKUP(D94,upahbahan,3,FALSE) | J94: =G94*H94
C95: 2 | D95: Mandor | E95: L03 | F95: Jam | G95: 0.014713343 | H95: =VLOOKUP(D95,upahbahan,3,FALSE) | J95: =G95*H95
C96: JUMLAH HARGA TENAGA KERJA | J96: =SUM(J94:J95)
C97: B | D97: BAHAN
C98: 1 | D98: Timbunan Pilihan | E98: M09 | F98: M3 | G98: 1.6406252 | H98: =VLOOKUP(D98,upahbahan,3,FALSE) | J98: =G98*H98
C99: JUMLAH HARGA BAHAN | J99: =SUM(J98:J98)
C100: C | D100: PERALATAN
C101: 1 | D101: Excavator | E101: E10 | F101: Jam | G101: 0.014713224 | H101: =VLOOKUP(D101,upahbahan,3,FALSE) | J101: =G101*H101
C102: 2 | D102: DUMP TRUCK TRONTON 10 TON | E102: E35 | F102: Jam | G102: 0.069634418 | H102: =VLOOKUP(D102,upahbahan,3,FALSE) | J102: =G102*H102
C103: 3 | D103: Alat bantu | F103: Ls | G103: 1 | H103: =VLOOKUP(D103,upahbahan,3,FALSE) | J103: =G103*H103
C104: JUMLAH HARGA PERALATAN | J104: =SUM(J101:J103)
C105: D | D105: Jumlah (A+B+C) | J105: =J96+J99+J104
C106: E | D106: Biaya Umum dan Keuntungan 10.0% x D | H106: =$Q$8 | J106: =J105*H106
...

Sheet D - Preventif
C2: D.1 | D2: Pengabutan (Fog Seal) dengan Aspal Emulsi yang Mengikat Lambat (CSS-1h atau SS-1h) | F2: Liter | K2: =ROUNDDOWN(J19,0) | M2: 4.1.(1)
C3: No | D3: Uraian | E3: Kode | F3: Sat. | G3: Koefisien | H3: Harga Satuan (Rp) | J3: Jumlah Harga (Rp)
C4: A | D4: TENAGA KERJA
C5: 1 | D5: Pekerja | E5: L01 | F5: Jam | G5: 0.0070736237 | H5: =VLOOKUP(D5,upahbahan,3,FALSE) | J5: =G5*H5
C6: 2 | D6: Mandor | E6: L03 | F6: Jam | G6: 0.0017683989 | H6: =VLOOKUP(D6,upahbahan,3,FALSE) | J6: =G6*H6
C7: JUMLAH HARGA TENAGA KERJA | J7: =SUM(J5:J6) | N7: Catatan:
C8: B | D8: BAHAN | N8: Biaya Umum dan Keuntungan | O8: 0.1 | Q8: 0.1
C9: 1 | D9: Aspal Emulsi CSS-1h atau SS-1h | E9: M31a | F9: ltr | G9: 1.7894733 | H9: =VLOOKUP(D9,upahbahan,3,FALSE) | J9: =G9*H9
C10: JUMLAH HARGA BAHAN | J10: =SUM(J9:J9)
C11: C | D11: PERALATAN
C12: 1 | D12: Asphalt Distributor | E12: E41 | F12: Jam | G12: 0.001768407 | H12: =VLOOKUP(D12,upahbahan,3,FALSE) | J12: =G12*H12
C13: 2 | D13: Air Compressor | E13: E05 | F13: Jam | G13: 0.0021996444 | H13: =VLOOKUP(D13,upahbahan,3,FALSE) | J13: =G13*H13
C14: 3 | D14: Power Broom | E14: E03 | F14: Jam | G14: 0.0022912802 | H14: =VLOOKUP(D14,upahbahan,3,FALSE) | J14: =G14*H14
C15: 4 | D15: Alat Bantu | F15: Ls | G15: 1 | H15: =VLOOKUP(D15,upahbahan,3,FALSE) | J15: =G15*H15
C16: JUMLAH HARGA PERALATAN | J16: =SUM(J12:J15)
C17: D | D17: Jumlah (A+B+C) | J17: =J7+J10+J16
C18: E | D18: Biaya Umum dan Keuntungan 10.0% x D | H18: =$Q$8 | J18: =J17*H18
C19: F | D19: Harga Satuan Pekerjaan (D+E) | J19: =SUM(J17:J18)
C21: D.2 | D21: Pengabutan (Fog Seal) dengan Aspal Emulsi yang Mengikat Lebih Cepat (CQS-1h atau QS-1h) Pengabutan (Fog Seal) dengan Aspal Emulsi Modifikasi | F21: Liter | K21: =ROUNDDOWN(J38,0) | M21: 4.1.(2)
C22: No | D22: Uraian | E22: Kode | F22: Sat. | G22: Koefisien | H22: Harga Satuan (Rp) | J22: Jumlah Harga (Rp)
C23: A | D23: TENAGA KERJA
C24: 1 | D24: Pekerja | E24: L01 | F24: Jam | G24: 0.0070736237 | H24: =VLOOKUP(D24,upahbahan,3,FALSE) | J24: =G24*H24
C25: 2 | D25: Mandor | E25: L03 | F25: Jam | G25: 0.0017683989 | H25: =VLOOKUP(D25,upahbahan,3,FALSE) | J25: =G25*H25
C26: JUMLAH HARGA TENAGA KERJA | J26: =SUM(J24:J25)
C27: B | D27: BAHAN
C28: 1 | D28: Aspal Emulsi (CQS-1h atau QS-1h) | E28: M31b | F28: ltr | G28: 1.7894733 | H28: =VLOOKUP(D28,upahbahan,3,FALSE) | J28: =G28*H28
C29: JUMLAH HARGA BAHAN | J29: =SUM(J28:J28)
C30: C | D30: PERALATAN
C31: 1 | D31: Asphalt Distributor | E31: E41 | F31: Jam | G31: 0.001768407 | H31: =VLOOKUP(D31,upahbahan,3,FALSE) | J31: =G31*H31
C32: 2 | D32: Air Compressor | E32: E05 | F32: Jam | G32: 0.0021996444 | H32: =VLOOKUP(D32,upahbahan,3,FALSE) | J32: =G32*H32
C33: 3 | D33: Power Broom | E33: E03 | F33: Jam | G33: 0.0022912802 | H33: =VLOOKUP(D33,upahbahan,3,FALSE) | J33: =G33*H33
C34: 4 | D34: Alat Bantu | F34: Ls | G34: 1 | H34: =VLOOKUP(D34,upahbahan,3,FALSE) | J34: =G34*H34
C35: JUMLAH HARGA PERALATAN | J35: =SUM(J31:J34)
C36: D | D36: Jumlah (A+B+C) | J36: =J26+J29+J35
C37: E | D37: Biaya Umum dan Keuntungan 10.0% x D | H37: =$Q$8 | J37: =J36*H37
C38: F | D38: Harga Satuan Pekerjaan (D+E) | J38: =SUM(J36:J37)
C40: D.3 | D40: Polymer yang Mengikat Lebih Cepat (CQS-1hP atau QS- 1hP) | F40: Liter | K40: =ROUNDDOWN(J57,0) | M40: 4.1.(3)
C41: No | D41: Uraian | E41: Kode | F41: Sat. | G41: Koefisien | H41: Harga Satuan (Rp) | J41: Jumlah Harga (Rp)
C42: A | D42: TENAGA KERJA
C43: 1 | D43: Pekerja | E43: L01 | F43: Jam | G43: 0.0070736237 | H43: =VLOOKUP(D43,upahbahan,3,FALSE) | J43: =G43*H43
C44: 2 | D44: Mandor | E44: L03 | F44: Jam | G44: 0.0017683989 | H44: =VLOOKUP(D44,upahbahan,3,FALSE) | J44: =G44*H44
C45: JUMLAH HARGA TENAGA KERJA | J45: =SUM(J43:J44)
C46: B | D46: BAHAN
C47: 1 | D47: Aspal Emulsi | E47: M31d | F47: ltr | G47: 1.645161 | H47: =VLOOKUP(D47,upahbahan,3,FALSE) | J47: =G47*H47
C48: JUMLAH HARGA BAHAN | J48: =SUM(J47:J47)
C49: C | D49: PERALATAN
C50: 1 | D50: Asphalt Distributor | E50: E41 | F50: Jam | G50: 0.001768407 | H50: =VLOOKUP(D50,upahbahan,3,FALSE) | J50: =G50*H50
C51: 2 | D51: Air Compressor | E51: E05 | F51: Jam | G51: 0.0020222433 | H51: =VLOOKUP(D51,upahbahan,3,FALSE) | J51: =G51*H51
C52: 3 | D52: Power Broom | E52: E03 | F52: Jam | G52: 0.0021064995 | H52: =VLOOKUP(D52,upahbahan,3,FALSE) | J52: =G52*H52
C53: 4 | D53: Alat Bantu | F53: Ls | G53: 1 | H53: =VLOOKUP(D53,upahbahan,3,FALSE) | J53: =G53*H53
C54: JUMLAH HARGA PERALATAN | J54: =SUM(J50:J53)
C55: D | D55: Jumlah (A+B+C) | J55: =J45+J48+J54
C56: E | D56: Biaya Umum dan Keuntungan 10.0% x D | H56: =$Q$8 | J56: =J55*H56
C57: F | D57: Harga Satuan Pekerjaan (D+E) | J57: =SUM(J55:J56)
C59: D.4 | D59: Laburan Aspal (Buras) | F59: Meter Persegi | K59: =ROUNDDOWN(J80,0) | M59: 4.2.(1)
C60: No | D60: Uraian | E60: Kode | F60: Sat. | G60: Koefisien | H60: Harga Satuan (Rp) | J60: Jumlah Harga (Rp)
C61: A | D61: TENAGA KERJA
C62: 1 | D62: Pekerja | E62: L01 | F62: Jam | G62: 0.037826921 | H62: =VLOOKUP(D62,upahbahan,3,FALSE) | J62: =G62*H62
C63: 2 | D63: Mandor | E63: L03 | F63: Jam | G63: 0.0037826505 | H63: =VLOOKUP(D63,upahbahan,3,FALSE) | J63: =G63*H63
C64: JUMLAH HARGA TENAGA KERJA | J64: =SUM(J62:J63)
C65: B | D65: BAHAN
C66: 1 | D66: Aspal | E66: M10 | F66: Ltr | G66: 0.9536991 | H66: =VLOOKUP(D66,upahbahan,3,FALSE) | J66: =G66*H66
C67: 2 | D67: Agregate(0/5) M91 M³ | G67: 0.0065725143 | H67: =VLOOKUP(D67,upahbahan,3,FALSE) | J67: =G67*H67
C68: JUMLAH HARGA BAHAN | J68: =SUM(J66:J67)
C69: C | D69: PERALATAN
C70: 1 | D70: Dump Truck Tronton 10 Ton | E70: E35 | F70: Jam | G70: 0.00049336765 | H70: =VLOOKUP(D70,upahbahan,3,FALSE) | J70: =G70*H70
C71: 2 | D71: Wheel Loader | E71: E15 | F71: Jam | G71: 2.6768152e-05 | H71: =VLOOKUP(D71,upahbahan,3,FALSE) | J71: =G71*H71
C72: 3 | D72: Pneumatic Tire Roller | E72: E18 | F72: Jam | G72: 0.00021249122 | H72: =VLOOKUP(D72,upahbahan,3,FALSE) | J72: =G72*H72
C73: 4 | D73: Asphalt Distributor | E73: E41 | F73: Jam | G73: 0.001891346 | H73: =VLOOKUP(D73,upahbahan,3,FALSE) | J73: =G73*H73
C74: 5 | D74: Compressor | E74: E05 | F74: Jam | G74: 0.00032129012 | H74: =VLOOKUP(D74,upahbahan,3,FALSE) | J74: =G74*H74
C75: 6 | D75: Power Broom | E75: E03 | F75: Jam | G75: 0.00033467556 | H75: =VLOOKUP(D75,upahbahan,3,FALSE) | J75: =G75*H75
C76: 7 | D76: Alat Bantu | F76: Ls | G76: 1 | H76: =VLOOKUP(D76,upahbahan,3,FALSE) | J76: =G76*H76
C77: JUMLAH HARGA PERALATAN | J77: =SUM(J70:J76)
C78: D | D78: Jumlah (A+B+C) | J78: =J64+J68+J77
C79: E | D79: Biaya Umum dan Keuntungan 10.0% x D | H79: =$Q$8 | J79: =J78*H79
C80: F | D80: Harga Satuan Pekerjaan (D+E) | J80: =SUM(J78:J79)
C82: D.5 | D82: Penghamparan Lapis Penutup Bubur Aspal Emulsi, Tipe 1, CSS-1h / SS-1h | F82: Meter Persegi | K82: =ROUNDDOWN(J106,0) | M82: 4.4.(1)
C83: No | D83: Uraian | E83: Kode | F83: Sat. | G83: Koefisien | H83: Harga Satuan (Rp) | J83: Jumlah Harga (Rp)
C84: A | D84: TENAGA KERJA
C85: 1 | D85: Pekerja | E85: L01 | F85: Jam | G85: 0.0034423956 | H85: =VLOOKUP(D85,upahbahan,3,FALSE) | J85: =G85*H85
C86: 2 | D86: Mandor | E86: L03 | F86: Jam | G86: 0.00034431396 | H86: =VLOOKUP(D86,upahbahan,3,FALSE) | J86: =G86*H86
C87: JUMLAH HARGA TENAGA KERJA | J87: =SUM(J85:J86)
C88: B | D88: BAHAN
C89: 1 | D89: Agregate Halus | E89: M91 | F89: M3 | G89: 0.0058311016 | H89: =VLOOKUP(D89,upahbahan,3,FALSE) | J89: =G89*H89
C90: 2 | D90: Agregate Kasar | E90: M92 | F90: M3 | G90: 0 | H90: =VLOOKUP(D90,upahbahan,3,FALSE) | J90: =G90*H90
C91: 3 | D91: PC | E91: M12 | F91: kg | G91: 0.2295 | H91: =VLOOKUP(D91,upahbahan,3,FALSE) | J91: =G91*H91
C92: 4 | D92: Aspal Emulsi CSS-1h atau SS-1h | E92: M31a | F92: ltr | G92: 1.7274619 | H92: =VLOOKUP(D92,upahbahan,3,FALSE) | J92: =G92*H92
C93: 5 | D93: Air | E93: M170 | F93: ltr | G93: 1.7276451 | H93: =VLOOKUP(D93,upahbahan,3,FALSE) | J93: =G93*H93
C94: JUMLAH HARGA BAHAN | J94: =SUM(J89:J93)
C95: C | D95: PERALATAN
C96: 1 | D96: Air Compressor | E96: E05 | F96: Jam | G96: 0.00032129012 | H96: =VLOOKUP(D96,upahbahan,3,FALSE) | J96: =G96*H96
C97: 2 | D97: Power Broom | E97: E03 | F97: Jam | G97: 0.00033467556 | H97: =VLOOKUP(D97,upahbahan,3,FALSE) | J97: =G97*H97
C98: 3 | D98: Wheel Loader | E98: E15 | F98: Jam | G98: 2.0071887e-05 | H98: =VLOOKUP(D98,upahbahan,3,FALSE) | J98: =G98*H98
C99: 4 | D99: Dump Truck Tronton 10 Ton | E99: E35 | F99: Jam | G99: 0.00022517031 | H99: =VLOOKUP(D99,upahbahan,3,FALSE) | J99: =G99*H99
C100: 5 | D100: Asphalt Slurry Seal Truck | E100: E41 | F100: Jam | G100: 0.00034422489 | H100: =VLOOKUP(D100,upahbahan,3,FALSE) | J100: =G100*H100
C101: 6 | D101: Tandem roller | E101: E17 | F101: Jam | G101: 0.00038949224 | H101: =VLOOKUP(D101,upahbahan,3,FALSE) | J101: =G101*H101
C102: 7 | D102: Alat Bantu | F102: Ls | G102: 1 | H102: =VLOOKUP(D102,upahbahan,3,FALSE) | J102: =G102*H102
C103: JUMLAH HARGA PERALATAN | J103: =SUM(J96:J102)
C104: D | D104: Jumlah (A+B+C) | J104: =J87+J94+J103
C105: E | D105: Biaya Umum dan Keuntungan 10.0% x D | H105: =$Q$8 | J105: =J104*H105
...

Sheet E - Perkerasan Berbutir dan Per
C2: E.1 | D2: Lapis Fondasi Agregat Kelas A | F2: Meter Kubik | K2: =ROUNDDOWN(J20,0) | M2: 5.1.(1a)
C3: No | D3: Uraian | E3: Kode | F3: Sat. | G3: Koefisien | H3: Harga Satuan (Rp) | J3: Jumlah Harga (Rp)
C4: A | D4: TENAGA KERJA
C5: 1 | D5: Pekerja | E5: L01 | F5: jam | G5: 0.040160558 | H5: =VLOOKUP(D5,upahbahan,3,FALSE) | J5: =G5*H5
C6: 2 | D6: Mandor | E6: L03 | F6: jam | G6: 0.0057371651 | H6: =VLOOKUP(D6,upahbahan,3,FALSE) | J6: =G6*H6
C7: JUMLAH HARGA TENAGA KERJA | J7: =SUM(J5:J6) | N7: Catatan:
C8: B | D8: BAHAN | N8: Biaya Umum dan Keuntungan | O8: 0.1 | Q8: 0.1
C9: 1 | D9: Agregat A | E9: M26 | F9: M3 | G9: 1.2612651 | H9: =VLOOKUP(D9,upahbahan,3,FALSE) | J9: =G9*H9
C10: JUMLAH HARGA BAHAN | J10: =SUM(J9:J9)
C11: C | D11: PERALATAN
C12: 1 | D12: Wheel Loader | E12: E15 | F12: jam | G12: 0.0057372284 | H12: =VLOOKUP(D12,upahbahan,3,FALSE) | J12: =G12*H12
C13: 2 | D13: Dump Truck | E13: E35 | F13: jam | G13: 0.089534928 | H13: =VLOOKUP(D13,upahbahan,3,FALSE) | J13: =G13*H13
C14: 3 | D14: Motor Grader | E14: E13 | F14: jam | G14: 0.010582004 | H14: =VLOOKUP(D14,upahbahan,3,FALSE) | J14: =G14*H14
C15: 4 | D15: Vibratory Roller | E15: E19 | F15: jam | G15: 0.013848508 | H15: =VLOOKUP(D15,upahbahan,3,FALSE) | J15: =G15*H15
C16: 5 | D16: Alat Bantu | F16: Ls | G16: 1 | H16: =VLOOKUP(D16,upahbahan,3,FALSE) | J16: =G16*H16
C17: JUMLAH HARGA PERALATAN | J17: =SUM(J12:J16)
C18: D | D18: Jumlah (A+B+C) | J18: =J7+J10+J17
C19: E | D19: Biaya Umum dan Keuntungan 10.0% x D | H19: =$Q$8 | J19: =J18*H19
C20: F | D20: Harga Satuan Pekerjaan (D+E) | J20: =SUM(J18:J19)
C22: E.2 | D22: Lapis Fondasi Agregat Kelas A dengan Mesin Gilas Pemadatan Cerdas (IC) | F22: Meter Kubik | K22: =ROUNDDOWN(J40,0) | M22: 5.1.(1b)
C23: No | D23: Uraian | E23: Kode | F23: Sat. | G23: Koefisien | H23: Harga Satuan (Rp) | J23: Jumlah Harga (Rp)
C24: A | D24: TENAGA KERJA
C25: 1 | D25: Pekerja | E25: L01 | F25: jam | G25: 0.040160558 | H25: =VLOOKUP(D25,upahbahan,3,FALSE) | J25: =G25*H25
C26: 2 | D26: Mandor | E26: L03 | F26: jam | G26: 0.0057371651 | H26: =VLOOKUP(D26,upahbahan,3,FALSE) | J26: =G26*H26
C27: JUMLAH HARGA TENAGA KERJA | J27: =SUM(J25:J26)
C28: B | D28: BAHAN
C29: 1 | D29: Agregat A | E29: M26 | F29: M3 | G29: 1.2612651 | H29: =VLOOKUP(D29,upahbahan,3,FALSE) | J29: =G29*H29
C30: JUMLAH HARGA BAHAN | J30: =SUM(J29:J29)
C31: C | D31: PERALATAN
C32: 1 | D32: Wheel Loader | E32: E15 | F32: jam | G32: 0.0057372284 | H32: =VLOOKUP(D32,upahbahan,3,FALSE) | J32: =G32*H32
C33: 2 | D33: Dump Truck | E33: E35 | F33: jam | G33: 0.15227297 | H33: =VLOOKUP(D33,upahbahan,3,FALSE) | J33: =G33*H33
C34: 3 | D34: Motor Grader | E34: E13 | F34: jam | G34: 0.010582004 | H34: =VLOOKUP(D34,upahbahan,3,FALSE) | J34: =G34*H34
C35: 4 | D35: Vibratory Roller with IC | E35: E19c | F35: jam | G35: 0.013848488 | H35: =VLOOKUP(D35,upahbahan,3,FALSE) | J35: =G35*H35
C36: 5 | D36: Alat Bantu | F36: Ls | G36: 1 | H36: =VLOOKUP(D36,upahbahan,3,FALSE) | J36: =G36*H36
C37: JUMLAH HARGA PERALATAN | J37: =SUM(J32:J36)
C38: D | D38: Jumlah (A+B+C) | J38: =J27+J30+J37
C39: E | D39: Biaya Umum dan Keuntungan 10.0% x D | H39: =$Q$8 | J39: =J38*H39
C40: F | D40: Harga Satuan Pekerjaan (D+E) | J40: =SUM(J38:J39)
C42: E.3 | D42: Lapis Fondasi Agregat Kelas B | F42: Meter Kubik | K42: =ROUNDDOWN(J60,0) | M42: 5.1.(2a)
C43: No | D43: Uraian | E43: Kode | F43: Sat. | G43: Koefisien | H43: Harga Satuan (Rp) | J43: Jumlah Harga (Rp)
C44: A | D44: TENAGA KERJA
C45: 1 | D45: Pekerja | E45: L01 | F45: jam | G45: 0.040160558 | H45: =VLOOKUP(D45,upahbahan,3,FALSE) | J45: =G45*H45
C46: 2 | D46: Mandor | E46: L03 | F46: jam | G46: 0.0057371651 | H46: =VLOOKUP(D46,upahbahan,3,FALSE) | J46: =G46*H46
C47: JUMLAH HARGA TENAGA KERJA | J47: =SUM(J45:J46)
C48: B | D48: BAHAN
C49: 1 | D49: Aggregat B | E49: M27 | F49: M3 | G49: 1.2479481 | H49: =VLOOKUP(D49,upahbahan,3,FALSE) | J49: =G49*H49
C50: JUMLAH HARGA BAHAN | J50: =SUM(J49:J49)
C51: C | D51: PERALATAN
C52: 1 | D52: Wheel Loader | E52: E15 | F52: jam | G52: 0.0057372284 | H52: =VLOOKUP(D52,upahbahan,3,FALSE) | J52: =G52*H52
C53: 2 | D53: Dump Truck | E53: E35 | F53: jam | G53: 0.15423798 | H53: =VLOOKUP(D53,upahbahan,3,FALSE) | J53: =G53*H53
C54: 3 | D54: Motor Grader | E54: E13 | F54: jam | G54: 0.0079365155 | H54: =VLOOKUP(D54,upahbahan,3,FALSE) | J54: =G54*H54
C55: 4 | D55: Vibratory Roller | E55: E19 | F55: jam | G55: 0.010386374 | H55: =VLOOKUP(D55,upahbahan,3,FALSE) | J55: =G55*H55
C56: 5 | D56: Alat Bantu | F56: Ls | G56: 1 | H56: =VLOOKUP(D56,upahbahan,3,FALSE) | J56: =G56*H56
C57: JUMLAH HARGA PERALATAN | J57: =SUM(J52:J56)
C58: D | D58: Jumlah (A+B+C) | J58: =J47+J50+J57
C59: E | D59: Biaya Umum dan Keuntungan 10.0% x D | H59: =$Q$8 | J59: =J58*H59
C60: F | D60: Harga Satuan Pekerjaan (D+E) | J60: =SUM(J58:J59)
C62: E.4 | D62: Lapis Fondasi Agregat Kelas B dengan Mesin Gilas Pemadatan Cerdas (IC) | F62: Meter Kubik | K62: =ROUNDDOWN(J80,0) | M62: 5.1.(2b)
C63: No | D63: Uraian | E63: Kode | F63: Sat. | G63: Koefisien | H63: Harga Satuan (Rp) | J63: Jumlah Harga (Rp)
C64: A | D64: TENAGA KERJA
C65: 1 | D65: Pekerja | E65: L01 | F65: jam | G65: 0.040160558 | H65: =VLOOKUP(D65,upahbahan,3,FALSE) | J65: =G65*H65
C66: 2 | D66: Mandor | E66: L03 | F66: jam | G66: 0.0057371651 | H66: =VLOOKUP(D66,upahbahan,3,FALSE) | J66: =G66*H66
C67: JUMLAH HARGA TENAGA KERJA | J67: =SUM(J65:J66)
C68: B | D68: BAHAN
C69: 1 | D69: Aggregat B | E69: M27 | F69: M3 | G69: 1.2479481 | H69: =VLOOKUP(D69,upahbahan,3,FALSE) | J69: =G69*H69
C70: JUMLAH HARGA BAHAN | J70: =SUM(J69:J69)
C71: C | D71: PERALATAN
C72: 1 | D72: Wheel Loader | E72: E15 | F72: jam | G72: 0.0057372284 | H72: =VLOOKUP(D72,upahbahan,3,FALSE) | J72: =G72*H72
C73: 2 | D73: Dump Truck | E73: E35 | F73: jam | G73: 0.15423798 | H73: =VLOOKUP(D73,upahbahan,3,FALSE) | J73: =G73*H73
C74: 3 | D74: Motor Grader | E74: E13 | F74: jam | G74: 0.0079365155 | H74: =VLOOKUP(D74,upahbahan,3,FALSE) | J74: =G74*H74
C75: 4 | D75: Vibratory Roller With IC | E75: E19c | F75: jam | G75: 0.010386371 | H75: =VLOOKUP(D75,upahbahan,3,FALSE) | J75: =G75*H75
C76: 5 | D76: Alat Bantu | F76: Ls | G76: 1 | H76: =VLOOKUP(D76,upahbahan,3,FALSE) | J76: =G76*H76
C77: JUMLAH HARGA PERALATAN | J77: =SUM(J72:J76)
C78: D | D78: Jumlah (A+B+C) | J78: =J67+J70+J77
C79: E | D79: Biaya Umum dan Keuntungan 10.0% x D | H79: =$Q$8 | J79: =J78*H79
C80: F | D80: Harga Satuan Pekerjaan (D+E) | J80: =SUM(J78:J79)
C82: E.5 | D82: Lapis Fondasi Agregat Kelas S | F82: Meter Kubik | K82: =ROUNDDOWN(J100,0) | M82: 5.1.(3a)
C83: No | D83: Uraian | E83: Kode | F83: Sat. | G83: Koefisien | H83: Harga Satuan (Rp) | J83: Jumlah Harga (Rp)
C84: A | D84: TENAGA KERJA
C85: 1 | D85: Pekerja | E85: L01 | F85: jam | G85: 0.040160558 | H85: =VLOOKUP(D85,upahbahan,3,FALSE) | J85: =G85*H85
C86: 2 | D86: Mandor | E86: L03 | F86: jam | G86: 0.0057371651 | H86: =VLOOKUP(D86,upahbahan,3,FALSE) | J86: =G86*H86
C87: JUMLAH HARGA TENAGA KERJA | J87: =SUM(J85:J86)
C88: B | D88: BAHAN
C89: 1 | D89: Aggregat S | E89: M29a | F89: M3 | G89: 1.2612651 | H89: =VLOOKUP(D89,upahbahan,3,FALSE) | J89: =G89*H89
C90: JUMLAH HARGA BAHAN | J90: =SUM(J89:J89)
C91: C | D91: PERALATAN
C92: 1 | D92: Wheel Loader | E92: E15 | F92: jam | G92: 0.0057372284 | H92: =VLOOKUP(D92,upahbahan,3,FALSE) | J92: =G92*H92
C93: 2 | D93: Dump Truck | E93: E35 | F93: jam | G93: 0.15227297 | H93: =VLOOKUP(D93,upahbahan,3,FALSE) | J93: =G93*H93
C94: 3 | D94: Motor Grader | E94: E13 | F94: jam | G94: 0.0079365155 | H94: =VLOOKUP(D94,upahbahan,3,FALSE) | J94: =G94*H94
C95: 4 | D95: Vibratory Roller | E95: E19 | F95: jam | G95: 0.010386374 | H95: =VLOOKUP(D95,upahbahan,3,FALSE) | J95: =G95*H95
C96: 5 | D96: Alat Bantu | F96: Ls | G96: 1 | H96: =VLOOKUP(D96,upahbahan,3,FALSE) | J96: =G96*H96
C97: JUMLAH HARGA PERALATAN | J97: =SUM(J92:J96)
C98: D | D98: Jumlah (A+B+C) | J98: =J87+J90+J97
C99: E | D99: Biaya Umum dan Keuntungan 10.0% x D | H99: =$Q$8 | J99: =J98*H99
C100: F | D100: Harga Satuan Pekerjaan (D+E) | J100: =SUM(J98:J99)
C102: E.6 | D102: Lapis Fondasi Agregat Kelas S dengan Mesin Gilas Pemadatan Cerdas (IC) | F102: Meter Kubik | K102: =ROUNDDOWN(J120,0) | M102: 5.1.(3b)
C103: No | D103: Uraian | E103: Kode | F103: Sat. | G103: Koefisien | H103: Harga Satuan (Rp) | J103: Jumlah Harga (Rp)
C104: A | D104: TENAGA KERJA
C105: 1 | D105: Pekerja | E105: L01 | F105: jam | G105: 0.040160558 | H105: =VLOOKUP(D105,upahbahan,3,FALSE) | J105: =G105*H105
C106: 2 | D106: Mandor | E106: L03 | F106: jam | G106: 0.0057371651 | H106: =VLOOKUP(D106,upahbahan,3,FALSE) | J106: =G106*H106
...

Sheet F - Perkerasan Aspal
C2: F.1 | D2: Lapis Resap Pengikat - Aspal Cair/Emulsi | F2: Liter | K2: =ROUNDDOWN(J17,0) | M2: 6.1.(1)
C3: No | D3: Uraian | E3: Kode | F3: Sat. | G3: Koefisien | H3: Harga Satuan (Rp) | J3: Jumlah Harga (Rp)
C4: A | D4: TENAGA KERJA
C5: 1 | D5: Pekerja | E5: L01 | F5: Jam | G5: 0.0070736237 | H5: =VLOOKUP(D5,upahbahan,3,FALSE) | J5: =G5*H5
C6: 2 | D6: Mandor | E6: L03 | F6: Jam | G6: 0.0017683989 | H6: =VLOOKUP(D6,upahbahan,3,FALSE) | J6: =G6*H6
C7: JUMLAH HARGA TENAGA KERJA | J7: =SUM(J5:J6) | N7: Catatan:
C8: B | D8: BAHAN | N8: Biaya Umum dan Keuntungan | O8: 0.1 | Q8: 0.1
C9: 1 | D9: Aspal Emulsi CSS-1 (M31a) atau SS-1 | F9: Liter | G9: 1.7894733 | H9: =VLOOKUP(D9,upahbahan,3,FALSE) | J9: =G9*H9
C10: JUMLAH HARGA BAHAN | J10: =SUM(J9:J9)
C11: C | D11: PERALATAN
C12: 1 | D12: Asp. Distributor | E12: E41 | F12: Jam | G12: 0.001768407 | H12: =VLOOKUP(D12,upahbahan,3,FALSE) | J12: =G12*H12
C13: 2 | D13: Compressor | E13: E05 | F13: Jam | G13: 0.0013671772 | H13: =VLOOKUP(D13,upahbahan,3,FALSE) | J13: =G13*H13
C14: JUMLAH HARGA PERALATAN | J14: =SUM(J12:J13)
C15: D | D15: Jumlah (A+B+C) | J15: =J7+J10+J14
C16: E | D16: Biaya Umum dan Keuntungan 10.0% x D | H16: =$Q$8 | J16: =J15*H16
C17: F | D17: Harga Satuan Pekerjaan (D+E) | J17: =SUM(J15:J16)
C19: F.2 | D19: Lapis Perekat - Aspal Cair/Emulsi | F19: Liter | K19: =ROUNDDOWN(J35,0) | M19: 6.1.(2a)
C20: No | D20: Uraian | E20: Kode | F20: Sat. | G20: Koefisien | H20: Harga Satuan (Rp) | J20: Jumlah Harga (Rp)
C21: A | D21: TENAGA KERJA
C22: 1 | D22: Pekerja | E22: L01 | F22: Jam | G22: 0.0070736237 | H22: =VLOOKUP(D22,upahbahan,3,FALSE) | J22: =G22*H22
C23: 2 | D23: Mandor | E23: L03 | F23: Jam | G23: 0.0017683989 | H23: =VLOOKUP(D23,upahbahan,3,FALSE) | J23: =G23*H23
C24: JUMLAH HARGA TENAGA KERJA | J24: =SUM(J22:J23)
C25: B | D25: BAHAN
C26: 1 | D26: Aspal Emulsi CRS-1 (M31b) atau RS-1 | F26: Liter | G26: 1.7 | H26: =VLOOKUP(D26,upahbahan,3,FALSE) | J26: =G26*H26
C27: JUMLAH HARGA BAHAN | J27: =SUM(J26:J26)
C28: C | D28: PERALATAN
C29: 1 | D29: Asp. Distributor | E29: E41 | F29: Jam | G29: 0.001768407 | H29: =VLOOKUP(D29,upahbahan,3,FALSE) | J29: =G29*H29
C30: 2 | D30: Compressor | E30: E05 | F30: Jam | G30: 0.0019471889 | H30: =VLOOKUP(D30,upahbahan,3,FALSE) | J30: =G30*H30
C31: 3 | D31: Power Broom | E31: E03 | F31: Jam | G31: 0.002028343 | H31: =VLOOKUP(D31,upahbahan,3,FALSE) | J31: =G31*H31
C32: JUMLAH HARGA PERALATAN | J32: =SUM(J29:J31)
C33: D | D33: Jumlah (A+B+C) | J33: =J24+J27+J32
C34: E | D34: Biaya Umum dan Keuntungan 10.0% x D | H34: =$Q$8 | J34: =J33*H34
C35: F | D35: Harga Satuan Pekerjaan (D+E) | J35: =SUM(J33:J34)
C37: F.3 | D37: Lapis Perekat - Aspal Emulsi Modifikasi Polimer | F37: Liter | K37: =ROUNDDOWN(J53,0) | M37: 6.1.(2b)
C38: No | D38: Uraian | E38: Kode | F38: Sat. | G38: Koefisien | H38: Harga Satuan (Rp) | J38: Jumlah Harga (Rp)
C39: A | D39: TENAGA KERJA
C40: 1 | D40: Pekerja | E40: L01 | F40: Jam | G40: 0.0070736237 | H40: =VLOOKUP(D40,upahbahan,3,FALSE) | J40: =G40*H40
C41: 2 | D41: Mandor | E41: L03 | F41: Jam | G41: 0.0017683989 | H41: =VLOOKUP(D41,upahbahan,3,FALSE) | J41: =G41*H41
C42: JUMLAH HARGA TENAGA KERJA | J42: =SUM(J40:J41)
C43: B | D43: BAHAN
C44: 1 | D44: Aspal Emulsi Mod Polime (M31d) | F44: Liter | G44: 1.789474 | H44: =VLOOKUP(D44,upahbahan,3,FALSE) | J44: =G44*H44
C45: JUMLAH HARGA BAHAN | J45: =SUM(J44:J44)
C46: C | D46: PERALATAN
C47: 1 | D47: Asp. Distributor | E47: E41 | F47: Jam | G47: 0.001768407 | H47: =VLOOKUP(D47,upahbahan,3,FALSE) | J47: =G47*H47
C48: 2 | D48: Compressor | E48: E05 | F48: Jam | G48: 0.00032129012 | H48: =VLOOKUP(D48,upahbahan,3,FALSE) | J48: =G48*H48
C49: 3 | D49: Power Broom | E49: E03 | F49: Jam | G49: 0.002028343 | H49: =VLOOKUP(D49,upahbahan,3,FALSE) | J49: =G49*H49
C50: JUMLAH HARGA PERALATAN | J50: =SUM(J47:J49)
C51: D | D51: Jumlah (A+B+C) | J51: =J42+J45+J50
C52: E | D52: Biaya Umum dan Keuntungan 10.0% x D | H52: =$Q$8 | J52: =J51*H52
C53: F | D53: Harga Satuan Pekerjaan (D+E) | J53: =SUM(J51:J52)
C55: F.4 | D55: Agregat Penutup BURTU Gradasi 1 | F55: Meter Persegi | K55: =ROUNDDOWN(J72,0) | M55: 6.2.(1a)
C56: No | D56: Uraian | E56: Kode | F56: Sat. | G56: Koefisien | H56: Harga Satuan (Rp) | J56: Jumlah Harga (Rp)
C57: A | D57: TENAGA KERJA
C58: 1 | D58: Pekerja (L01) | F58: Jam | G58: 0.0069998271 | H58: =VLOOKUP(D58,upahbahan,3,FALSE) | J58: =G58*H58
C59: 2 | D59: Mandor (L02) | F59: Jam | G59: 0.000700035 | H59: =VLOOKUP(D59,upahbahan,3,FALSE) | J59: =G59*H59
C60: JUMLAH HARGA TENAGA KERJA | J60: =SUM(J58:J59)
C61: B | D61: BAHAN
C62: 1 | D62: Chipping (M41) | F62: M3 | G62: 0.015749381 | H62: =VLOOKUP(D62,upahbahan,3,FALSE) | J62: =G62*H62
C63: JUMLAH HARGA BAHAN | J63: =SUM(J62:J62)
C64: C | D64: PERALATAN
C65: 1 | D65: Wheel Loader | E65: E15 | F65: Jam | G65: 0.00018369074 | H65: =VLOOKUP(D65,upahbahan,3,FALSE) | J65: =G65*H65
C66: 2 | D66: DUMP TRUCK TRONTON 10 TON | E66: E35 | F66: Jam | G66: 0.0023911869 | H66: =VLOOKUP(D66,upahbahan,3,FALSE) | J66: =G66*H66
C67: 3 | D67: P. Tyre Roller | E67: E18 | F67: Jam | G67: 0.00055014655 | H67: =VLOOKUP(D67,upahbahan,3,FALSE) | J67: =G67*H67
C68: 4 | D68: Alat Bantu | F68: Ls | G68: 1 | H68: =VLOOKUP(D68,upahbahan,3,FALSE) | J68: =G68*H68
C69: JUMLAH HARGA PERALATAN | J69: =SUM(J65:J68)
C70: D | D70: Jumlah (A+B+C) | J70: =J60+J63+J69
C71: E | D71: Biaya Umum dan Keuntungan 10.0% x D | H71: =$Q$8 | J71: =J70*H71
C72: F | D72: Harga Satuan Pekerjaan (D+E) | J72: =SUM(J70:J71)
C74: F.5 | D74: Agregat Penutup BURTU Gradasi 2 | F74: Meter Persegi | K74: =ROUNDDOWN(J91,0) | M74: 6.2.(1b)
C75: No | D75: Uraian | E75: Kode | F75: Sat. | G75: Koefisien | H75: Harga Satuan (Rp) | J75: Jumlah Harga (Rp)
C76: A | D76: TENAGA KERJA
C77: 1 | D77: Pekerja (L01) | F77: Jam | G77: 0.0069998271 | H77: =VLOOKUP(D77,upahbahan,3,FALSE) | J77: =G77*H77
C78: 2 | D78: Mandor (L02) | F78: Jam | G78: 0.000700035 | H78: =VLOOKUP(D78,upahbahan,3,FALSE) | J78: =G78*H78
C79: JUMLAH HARGA TENAGA KERJA | J79: =SUM(J77:J78)
C80: B | D80: BAHAN
C81: 1 | D81: Chipping (M41) | F81: M3 | G81: 0.011794386 | H81: =VLOOKUP(D81,upahbahan,3,FALSE) | J81: =G81*H81
C82: JUMLAH HARGA BAHAN | J82: =SUM(J81:J81)
C83: C | D83: PERALATAN
C84: 1 | D84: Wheel Loader | E84: E15 | F84: Jam | G84: 0.00012085406 | H84: =VLOOKUP(D84,upahbahan,3,FALSE) | J84: =G84*H84
C85: 2 | D85: DUMP TRUCK TRONTON 10 TON | E85: E35 | F85: Jam | G85: 0.0015966981 | H85: =VLOOKUP(D85,upahbahan,3,FALSE) | J85: =G85*H85
C86: 3 | D86: P. Tyre Roller | E86: E18 | F86: Jam | G86: 0.00055014655 | H86: =VLOOKUP(D86,upahbahan,3,FALSE) | J86: =G86*H86
C87: 4 | D87: Alat Bantu | F87: Ls | G87: 1 | H87: =VLOOKUP(D87,upahbahan,3,FALSE) | J87: =G87*H87
C88: JUMLAH HARGA PERALATAN | J88: =SUM(J84:J87)
C89: D | D89: Jumlah (A+B+C) | J89: =J79+J82+J88
C90: E | D90: Biaya Umum dan Keuntungan 10.0% x D | H90: =$Q$8 | J90: =J89*H90
C91: F | D91: Harga Satuan Pekerjaan (D+E) | J91: =SUM(J89:J90)
C93: F.6 | D93: Agregat Penutup BURTU Gradasi 3 | F93: Meter Persegi | K93: =ROUNDDOWN(J110,0) | M93: 6.2.(1c)
C94: No | D94: Uraian | E94: Kode | F94: Sat. | G94: Koefisien | H94: Harga Satuan (Rp) | J94: Jumlah Harga (Rp)
C95: A | D95: TENAGA KERJA
C96: 1 | D96: Pekerja (L01) | F96: Jam | G96: 0.0069998271 | H96: =VLOOKUP(D96,upahbahan,3,FALSE) | J96: =G96*H96
C97: 2 | D97: Mandor (L02) | F97: Jam | G97: 0.000700035 | H97: =VLOOKUP(D97,upahbahan,3,FALSE) | J97: =G97*H97
C98: JUMLAH HARGA TENAGA KERJA | J98: =SUM(J96:J97)
C99: B | D99: BAHAN
C100: 1 | D100: Chipping (M41) | F100: M3 | G100: 0.0075568764 | H100: =VLOOKUP(D100,upahbahan,3,FALSE) | J100: =G100*H100
C101: JUMLAH HARGA BAHAN | J101: =SUM(J100:J100)
C102: C | D102: PERALATAN
C103: 1 | D103: Wheel Loader | E103: E15 | F103: Jam | G103: 9.1853824e-05 | H103: =VLOOKUP(D103,upahbahan,3,FALSE) | J103: =G103*H103
C104: 2 | D104: DUMP TRUCK TRONTON 10 TON | E104: E35 | F104: Jam | G104: 0.0012300151 | H104: =VLOOKUP(D104,upahbahan,3,FALSE) | J104: =G104*H104
C105: 3 | D105: P. Tyre Roller | E105: E18 | F105: Jam | G105: 0.00055014655 | H105: =VLOOKUP(D105,upahbahan,3,FALSE) | J105: =G105*H105
C106: 4 | D106: Alat Bantu | F106: Ls | G106: 1 | H106: =VLOOKUP(D106,upahbahan,3,FALSE) | J106: =G106*H106
...

Sheet G - Struktur
C2: G.1 | D2: Beton struktur, fc’50 MPa | F2: Meter Kubik | K2: =ROUNDDOWN(J31,0) | M2: 7.1.(1a2)
C3: No | D3: Uraian | E3: Kode | F3: Sat. | G3: Koefisien | H3: Harga Satuan (Rp) | J3: Jumlah Harga (Rp)
C4: A | D4: TENAGA KERJA
C5: 1 | D5: Pekerja | E5: L01 | F5: jam | G5: 0.96385557 | H5: =VLOOKUP(D5,upahbahan,3,FALSE) | J5: =G5*H5
C6: 2 | D6: Tukang | E6: L02 | F6: jam | G6: 0.53012027 | H6: =VLOOKUP(D6,upahbahan,3,FALSE) | J6: =G6*H6
C7: 3 | D7: Mandor | E7: L03 | F7: jam | G7: 0.096385694 | H7: =VLOOKUP(D7,upahbahan,3,FALSE) | J7: =G7*H7 | N7: Catatan:
C8: JUMLAH HARGA TENAGA KERJA | J8: =SUM(J5:J7) | N8: Biaya Umum dan Keuntungan | O8: 0.1 | Q8: 0.1
C9: B | D9: BAHAN
C10: 1 | D10: Semen (PC) | E10: M12 | F10: Kg | G10: 386.35926 | H10: =VLOOKUP(D10,upahbahan,3,FALSE) | J10: =G10*H10
C11: 2 | D11: Agregat Halus | E11: M01a | F11: M3 | G11: 0.54315788 | H11: =VLOOKUP(D11,upahbahan,3,FALSE) | J11: =G11*H11
C12: 3 | D12: Agregat Kasar | E12: M03 | F12: M3 | G12: 0.92009844 | H12: =VLOOKUP(D12,upahbahan,3,FALSE) | J12: =G12*H12
C13: 4 | D13: Multipleks Phenolic 12 mm | E13: M73a | F13: Lbr | G13: 0.4451169 | H13: =VLOOKUP(D13,upahbahan,3,FALSE) | J13: =G13*H13
C14: 5 | D14: Kayu Kaso | E14: M19 | F14: M3 | G14: 0.014 | H14: =VLOOKUP(D14,upahbahan,3,FALSE) | J14: =G14*H14
C15: 6 | D15: Paku | E15: M18 | F15: Kg | G15: 1.7955 | H15: =VLOOKUP(D15,upahbahan,3,FALSE) | J15: =G15*H15
C16: 7 | D16: Air | E16: M170 | F16: Ltr | G16: 183.89761 | H16: =VLOOKUP(D16,upahbahan,3,FALSE) | J16: =G16*H16
C17: 8 | D17: Super Plastizier | E17: M182 | F17: Kg | G17: 7.714 | H17: =VLOOKUP(D17,upahbahan,3,FALSE) | J17: =G17*H17
C18: 9 | D18: Fly Ash | E18: M05 | F18: Kg | G18: 128.905 | H18: =VLOOKUP(D18,upahbahan,3,FALSE) | J18: =G18*H18
C19: JUMLAH HARGA BAHAN | J19: =SUM(J10:J18)
C20: C | D20: PERALATAN
C21: 1 | D21: Wheel Loader | E21: E15 | F21: jam | G21: 0.0070871685 | H21: =VLOOKUP(D21,upahbahan,3,FALSE) | J21: =G21*H21
C22: 2 | D22: Concrete Batching Plant | E22: E80 | F22: jam | G22: 0.048192768 | H22: 717241.22 | I22: harga khusus | J22: =G22*H22
C23: 3 | D23: Truck Mixer | E23: E49 | F23: jam | G23: 0.26181229 | H23: 847088.38 | I23: harga khusus | J23: =G23*H23
C24: 4 | D24: Concrete Pump | E24: E28 | F24: jam | G24: 0.0050200717 | H24: 571804.58 | I24: harga khusus | J24: =G24*H24
C25: 5 | D25: Concrete Vibrator | E25: E20 | F25: jam | G25: 0.28915657 | H25: =VLOOKUP(D25,upahbahan,3,FALSE) | J25: =G25*H25
C26: 6 | D26: Water Tank Truck | E26: E23 | F26: jam | G26: 0.036927254 | H26: =VLOOKUP(D26,upahbahan,3,FALSE) | J26: =G26*H26
C27: 7 | D27: Alat Bantu | F27: Ls | G27: 1 | H27: =VLOOKUP(D27,upahbahan,3,FALSE) | J27: =G27*H27
C28: JUMLAH HARGA PERALATAN | J28: =SUM(J21:J27)
C29: D | D29: Jumlah (A+B+C) | J29: =J8+J19+J28
C30: E | D30: Biaya Umum dan Keuntungan 10.0% x D | H30: =$Q$8 | J30: =J29*H30
C31: F | D31: Harga Satuan Pekerjaan (D+E) | J31: =SUM(J29:J30)
C33: G.2 | D33: Beton struktur massa, fc’50 MPa | F33: Meter Kubik | K33: =ROUNDDOWN(J63,0) | M33: 7.1.(1b)
C34: No | D34: Uraian | E34: Kode | F34: Sat. | G34: Koefisien | H34: Harga Satuan (Rp) | J34: Jumlah Harga (Rp)
C35: A | D35: TENAGA KERJA
C36: 1 | D36: Pekerja | E36: L01 | F36: jam | G36: 0.96385557 | H36: =VLOOKUP(D36,upahbahan,3,FALSE) | J36: =G36*H36
C37: 2 | D37: Tukang | E37: L02 | F37: jam | G37: 0.53012027 | H37: =VLOOKUP(D37,upahbahan,3,FALSE) | J37: =G37*H37
C38: 3 | D38: Mandor | E38: L03 | F38: jam | G38: 0.096385694 | H38: =VLOOKUP(D38,upahbahan,3,FALSE) | J38: =G38*H38
C39: JUMLAH HARGA TENAGA KERJA | J39: =SUM(J36:J38)
C40: B | D40: BAHAN
C41: 1 | D41: Semen (PC) | E41: M12 | F41: Kg | G41: 335.965 | H41: =VLOOKUP(D41,upahbahan,3,FALSE) | J41: =G41*H41
C42: 2 | D42: Agregat Halus | E42: M01a | F42: M3 | G42: 0.438891 | H42: =VLOOKUP(D42,upahbahan,3,FALSE) | J42: =G42*H42
C43: 3 | D43: Agregat Kasar | E43: M03 | F43: M3 | G43: 1.1173229 | H43: =VLOOKUP(D43,upahbahan,3,FALSE) | J43: =G43*H43
C44: 4 | D44: Multipleks Phenolic 12 mm | E44: M73a | F44: lbr | G44: 0.4451169 | H44: =VLOOKUP(D44,upahbahan,3,FALSE) | J44: =G44*H44
C45: 5 | D45: Kayu Kaso | E45: M19 | F45: M3 | G45: 0.014 | H45: =VLOOKUP(D45,upahbahan,3,FALSE) | J45: =G45*H45
C46: 6 | D46: Paku | E46: M18 | F46: Kg | G46: 0 | H46: =VLOOKUP(D46,upahbahan,3,FALSE) | J46: =G46*H46
C47: 7 | D47: Air | E47: M170 | F47: Ltr | G47: 166.72423 | H47: =VLOOKUP(D47,upahbahan,3,FALSE) | J47: =G47*H47
C48: 8 | D48: Super Plastizier | E48: M182 | F48: Kg | G48: 6.699 | H48: =VLOOKUP(D48,upahbahan,3,FALSE) | J48: =G48*H48
C49: 9 | D49: Fly Ash | E49: M05 | F49: Kg | G49: 112.665 | H49: =VLOOKUP(D49,upahbahan,3,FALSE) | J49: =G49*H49
C50: JUMLAH HARGA BAHAN | J50: =SUM(J41:J49)
C51: C | D51: PERALATAN
C52: 1 | D52: Wheel Loader | E52: E15 | F52: jam | G52: 0.0070871733 | H52: 591374 | I52: harga khusus | J52: =G52*H52
C53: 2 | D53: Concrete Batching Plant | E53: E80 | F53: jam | G53: 0.048192783 | H53: =VLOOKUP(D53,upahbahan,3,FALSE) | J53: =G53*H53
C54: 3 | D54: Truck Mixer | E54: E49 | F54: jam | G54: 0.26181241 | H54: =VLOOKUP(D54,upahbahan,3,FALSE) | J54: =G54*H54
C55: 4 | D55: Concrete Pump | E55: E28 | F55: jam | G55: 0.005020068 | H55: =VLOOKUP(D55,upahbahan,3,FALSE) | J55: =G55*H55
C56: 5 | D56: Concrete Vibrator | E56: E20 | F56: jam | G56: 0.28915657 | H56: =VLOOKUP(D56,upahbahan,3,FALSE) | J56: =G56*H56
C57: 6 | D57: Water Tank Truck | E57: E23 | F57: jam | G57: 0.033478717 | H57: 500906 | I57: harga khusus | J57: =G57*H57
C58: 7 | D58: Thermocouple | E58: M184 | F58: buah | G58: 3 | H58: =VLOOKUP(D58,upahbahan,3,FALSE) | J58: =G58*H58
C59: 8 | D59: Alat Bantu | F59: Ls | G59: 1 | H59: =VLOOKUP(D59,upahbahan,3,FALSE) | J59: =G59*H59
C60: JUMLAH HARGA PERALATAN | J60: =SUM(J52:J59)
C61: D | D61: Jumlah (A+B+C) | J61: =J39+J50+J60
C62: E | D62: Biaya Umum dan Keuntungan 10.0% x D | H62: =$Q$8 | J62: =J61*H62
C63: F | D63: Harga Satuan Pekerjaan (D+E) | J63: =SUM(J61:J62)
C65: G.3 | D65: Beton struktur memadat sendiri, fc’50 MPa | F65: Meter Kubik | K65: =ROUNDDOWN(J93,0) | M65: 7.1.(1c)
C66: No | D66: Uraian | E66: Kode | F66: Sat. | G66: Koefisien | H66: Harga Satuan (Rp) | J66: Jumlah Harga (Rp)
C67: A | D67: TENAGA KERJA
C68: 1 | D68: Pekerja | E68: L01 | F68: jam | G68: 0.48192778 | H68: =VLOOKUP(D68,upahbahan,3,FALSE) | J68: =G68*H68
C69: 2 | D69: Tukang | E69: L02 | F69: jam | G69: 0.53012027 | H69: =VLOOKUP(D69,upahbahan,3,FALSE) | J69: =G69*H69
C70: 3 | D70: Mandor | E70: L03 | F70: jam | G70: 0.096385694 | H70: =VLOOKUP(D70,upahbahan,3,FALSE) | J70: =G70*H70
C71: JUMLAH HARGA TENAGA KERJA | J71: =SUM(J68:J70)
C72: B | D72: BAHAN
C73: 1 | D73: Semen (PC) | E73: M12 | F73: Kg | G73: 440.51 | H73: =VLOOKUP(D73,upahbahan,3,FALSE) | J73: =G73*H73
C74: 2 | D74: Agregat Halus | E74: M01a | F74: M3 | G74: 0.6820388 | H74: =VLOOKUP(D74,upahbahan,3,FALSE) | J74: =G74*H74
C75: 3 | D75: Agregat Kasar | E75: M03 | F75: M3 | G75: 0.71426111 | H75: =VLOOKUP(D75,upahbahan,3,FALSE) | J75: =G75*H75
C76: 4 | D76: Multipleks Phenolic 12 mm | E76: M73a | F76: lbr | G76: 0.4451169 | H76: =VLOOKUP(D76,upahbahan,3,FALSE) | J76: =G76*H76
C77: 5 | D77: Kayu Kaso | E77: M19 | F77: M3 | G77: 0.014 | H77: =VLOOKUP(D77,upahbahan,3,FALSE) | J77: =G77*H77
C78: 6 | D78: Paku | E78: M18 | F78: Kg | G78: 0 | H78: =VLOOKUP(D78,upahbahan,3,FALSE) | J78: =G78*H78
C79: 7 | D79: Air | E79: M170 | F79: Ltr | G79: 182.44915 | H79: =VLOOKUP(D79,upahbahan,3,FALSE) | J79: =G79*H79
C80: 8 | D80: Super Plastizier | E80: M182 | F80: Kg | G80: 8.8305 | H80: =VLOOKUP(D80,upahbahan,3,FALSE) | J80: =G80*H80
C81: 9 | D81: Fly ash | E81: M05 | F81: Kg | G81: 147.175 | H81: =VLOOKUP(D81,upahbahan,3,FALSE) | J81: =G81*H81
C82: JUMLAH HARGA BAHAN | J82: =SUM(J73:J81)
C83: C | D83: PERALATAN
C84: 1 | D84: Wheel Loader | E84: E15 | F84: jam | G84: 0.0070871733 | H84: 591374 | I84: harga khusus | J84: =G84*H84
C85: 2 | D85: Concrete Batching Plant | E85: E80 | F85: jam | G85: 0.048192783 | H85: =VLOOKUP(D85,upahbahan,3,FALSE) | J85: =G85*H85
C86: 3 | D86: Truck Mixer | E86: E49 | F86: jam | G86: 0.26181241 | H86: =VLOOKUP(D86,upahbahan,3,FALSE) | J86: =G86*H86
C87: 4 | D87: Concrete Pump | E87: E28 | F87: jam | G87: 0.005020068 | H87: =VLOOKUP(D87,upahbahan,3,FALSE) | J87: =G87*H87
C88: 5 | D88: Water Tank Truck | E88: E23 | F88: jam | G88: 0.036636415 | H88: 500906 | I88: harga khusus | J88: =G88*H88
C89: 6 | D89: Alat Bantu | F89: Ls | G89: 1 | H89: =VLOOKUP(D89,upahbahan,3,FALSE) | J89: =G89*H89
C90: JUMLAH HARGA PERALATAN | J90: =SUM(J84:J89)
C91: D | D91: Jumlah (A+B+C) | J91: =J71+J82+J90
C92: E | D92: Biaya Umum dan Keuntungan 10.0% x D | H92: =$Q$8 | J92: =J91*H92
C93: F | D93: Harga Satuan Pekerjaan (D+E) | J93: =SUM(J91:J92)
C95: G.4 | D95: Beton struktur, fc’45 MPa untuk Balok Kepala Pilar Beton Pratekan | F95: Meter Kubik | K95: =ROUNDDOWN(J124,0) | M95: 7.1.(2a1)
C96: No | D96: Uraian | E96: Kode | F96: Sat. | G96: Koefisien | H96: Harga Satuan (Rp) | J96: Jumlah Harga (Rp)
C97: A | D97: TENAGA KERJA
C98: 1 | D98: Pekerja | E98: L01 | F98: jam | G98: 0.96385557 | H98: =VLOOKUP(D98,upahbahan,3,FALSE) | J98: =G98*H98
C99: 2 | D99: Tukang | E99: L02 | F99: jam | G99: 0.53012027 | H99: =VLOOKUP(D99,upahbahan,3,FALSE) | J99: =G99*H99
C100: 3 | D100: Mandor | E100: L03 | F100: jam | G100: 0.096385694 | H100: =VLOOKUP(D100,upahbahan,3,FALSE) | J100: =G100*H100
C101: JUMLAH HARGA TENAGA KERJA | J101: =SUM(J98:J100)
C102: B | D102: BAHAN
C103: 1 | D103: Semen (PC) | E103: M12 | F103: Kg | G103: 363.75046 | H103: =VLOOKUP(D103,upahbahan,3,FALSE) | J103: =G103*H103
C104: 2 | D104: Agregat Halus | E104: M01a | F104: M3 | G104: 0.55043235 | H104: =VLOOKUP(D104,upahbahan,3,FALSE) | J104: =G104*H104
...

Sheet H - Rehabilitasi Jembatan
C2: H.1 | D2: Cairan Perekat (Epoksi Resin) | F2: Kilogram | K2: =ROUNDDOWN(J19,0) | M2: 8.1.(1)
C3: No | D3: Uraian | E3: Kode | F3: Sat. | G3: Koefisien | H3: Harga Satuan (Rp) | J3: Jumlah Harga (Rp)
C4: A | D4: TENAGA KERJA
C5: 1 | D5: Pekerja | E5: L01 | F5: jam | G5: 3.012048 | H5: =VLOOKUP(D5,upahbahan,3,FALSE) | J5: =G5*H5
C6: 2 | D6: Mandor | E6: L03 | F6: jam | G6: 0.60240984 | H6: =VLOOKUP(D6,upahbahan,3,FALSE) | J6: =G6*H6
C7: JUMLAH HARGA TENAGA KERJA | J7: =SUM(J5:J6) | N7: Catatan:
C8: B | D8: BAHAN | N8: Biaya Umum dan Keuntungan | O8: 0.1 | Q8: 0.1
C9: 1 | D9: Epoxy resin | E9: M125 | F9: Kg | G9: 1.02 | H9: =VLOOKUP(D9,upahbahan,3,FALSE) | J9: =G9*H9
C10: JUMLAH HARGA BAHAN | J10: =SUM(J9:J9)
C11: C | D11: PERALATAN
C12: 1 | D12: Pompa untuk Epoxy | E12: E68 | F12: jam | G12: 0.60240954 | H12: =VLOOKUP(D12,upahbahan,3,FALSE) | J12: =G12*H12
C13: 2 | D13: Mini Generator Set 2000 Watt | E13: E98g | F13: jam | G13: 0.60240963 | H13: =VLOOKUP(D13,upahbahan,3,FALSE) | J13: =G13*H13
C14: 3 | D14: Hand Mixer | E14: E70 | F14: jam | G14: 0.033467243 | H14: =VLOOKUP(D14,upahbahan,3,FALSE) | J14: =G14*H14
C15: 4 | D15: Alat Bantu | F15: Ls | G15: 1 | H15: =VLOOKUP(D15,upahbahan,3,FALSE) | J15: =G15*H15
C16: JUMLAH HARGA PERALATAN | J16: =SUM(J12:J15)
C17: D | D17: Jumlah (A+B+C) | J17: =J7+J10+J16
C18: E | D18: Biaya Umum dan Keuntungan 10.0% x D | H18: =$Q$8 | J18: =J17*H18
C19: F | D19: Harga Satuan Pekerjaan (D+E) | J19: =SUM(J17:J18)
C21: H.2 | D21: Bahan Penutup (Sealant) | F21: Kilogram | K21: =ROUNDDOWN(J37,0) | M21: 8.1.(2)
C22: No | D22: Uraian | E22: Kode | F22: Sat. | G22: Koefisien | H22: Harga Satuan (Rp) | J22: Jumlah Harga (Rp)
C23: A | D23: TENAGA KERJA
C24: 1 | D24: Pekerja | E24: L01 | F24: jam | G24: 0.3860117 | H24: =VLOOKUP(D24,upahbahan,3,FALSE) | J24: =G24*H24
C25: 2 | D25: Mandor | E25: L03 | F25: jam | G25: 0.077202273 | H25: =VLOOKUP(D25,upahbahan,3,FALSE) | J25: =G25*H25
C26: JUMLAH HARGA TENAGA KERJA | J26: =SUM(J24:J25)
C27: B | D27: BAHAN
C28: 1 | D28: Sealant | E28: M126 | F28: Kg | G28: 1.02 | H28: =VLOOKUP(D28,upahbahan,3,FALSE) | J28: =G28*H28
C29: JUMLAH HARGA BAHAN | J29: =SUM(J28:J28)
C30: C | D30: PERALATAN
C31: 1 | D31: Gerinda Tangan GWS 750-10 | E31: E69 | F31: jam | G31: 0.077202244 | H31: =VLOOKUP(D31,upahbahan,3,FALSE) | J31: =G31*H31
C32: 2 | D32: Mini Generator Set 2000 Watt | E32: E98g | F32: jam | G32: 0.07720225 | H32: =VLOOKUP(D32,upahbahan,3,FALSE) | J32: =G32*H32
C33: 3 | D33: Alat Bantu | F33: Ls | G33: 1 | H33: =VLOOKUP(D33,upahbahan,3,FALSE) | J33: =G33*H33
C34: JUMLAH HARGA PERALATAN | J34: =SUM(J31:J33)
C35: D | D35: Jumlah (A+B+C) | J35: =J26+J29+J34
C36: E | D36: Biaya Umum dan Keuntungan 10.0% x D | H36: =$Q$8 | J36: =J35*H36
C37: F | D37: Harga Satuan Pekerjaan (D+E) | J37: =SUM(J35:J36)
C39: H.3 | D39: Tabung Penyuntik, Penyediaan dan Pemasangan | F39: Buah | K39: =ROUNDDOWN(J55,0) | M39: 8.1.(3)
C40: No | D40: Uraian | E40: Kode | F40: Sat. | G40: Koefisien | H40: Harga Satuan (Rp) | J40: Jumlah Harga (Rp)
C41: A | D41: TENAGA KERJA
C42: 1 | D42: Pekerja | E42: L01 | F42: jam | G42: 0.30120491 | H42: =VLOOKUP(D42,upahbahan,3,FALSE) | J42: =G42*H42
C43: 2 | D43: Mandor | E43: L03 | F43: jam | G43: 0.060240834 | H43: =VLOOKUP(D43,upahbahan,3,FALSE) | J43: =G43*H43
C44: JUMLAH HARGA TENAGA KERJA | J44: =SUM(J42:J43)
C45: B | D45: BAHAN
C46: 1 | D46: Tabung penyuntik kosong termasuk nipple | E46: M127 | F46: Buah | G46: 1.02 | H46: =VLOOKUP(D46,upahbahan,3,FALSE) | J46: =G46*H46
C47: JUMLAH HARGA BAHAN | J47: =SUM(J46:J46)
C48: C | D48: PERALATAN
C49: 1 | D49: Gerinda Tangan GWS 750-10 | E49: E69 | F49: jam | G49: 0.060240952 | H49: =VLOOKUP(D49,upahbahan,3,FALSE) | J49: =G49*H49
C50: 2 | D50: Mini Generator Set 2000 Watt | E50: E98g | F50: jam | G50: 0.060240935 | H50: =VLOOKUP(D50,upahbahan,3,FALSE) | J50: =G50*H50
C51: 3 | D51: Alat Bantu | F51: Ls | G51: 1 | H51: =VLOOKUP(D51,upahbahan,3,FALSE) | J51: =G51*H51
C52: JUMLAH HARGA PERALATAN | J52: =SUM(J49:J51)
C53: D | D53: Jumlah (A+B+C) | J53: =J44+J47+J52
C54: E | D54: Biaya Umum dan Keuntungan 10.0% x D | H54: =$Q$8 | J54: =J53*H54
C55: F | D55: Harga Satuan Pekerjaan (D+E) | I55: cek: sumber Rp 72.113 | J55: =SUM(J53:J54)
C57: H.4 | D57: Penambalan (Patching) | F57: Meter Kubik | K57: =ROUNDDOWN(J76,0) | M57: 8.2.(1)
C58: No | D58: Uraian | E58: Kode | F58: Sat. | G58: Koefisien | H58: Harga Satuan (Rp) | J58: Jumlah Harga (Rp)
C59: A | D59: TENAGA KERJA
C60: 1 | D60: Pekerja | E60: L01 | F60: jam | G60: 10.709505 | H60: =VLOOKUP(D60,upahbahan,3,FALSE) | J60: =G60*H60
C61: 2 | D61: Mandor | E61: L03 | F61: jam | G61: 2.6773763 | H61: =VLOOKUP(D61,upahbahan,3,FALSE) | J61: =G61*H61
C62: JUMLAH HARGA TENAGA KERJA | J62: =SUM(J60:J61)
C63: B | D63: BAHAN
C64: 1 | D64: Beton Instant 40 Mpa | E64: M600 | F64: M3 | G64: 1.02 | H64: =VLOOKUP(D64,upahbahan,3,FALSE) | J64: =G64*H64
C65: 2 | D65: Bonding Agent | E65: M198 | F65: Kg | G65: 54.45 | H65: =VLOOKUP(D65,upahbahan,3,FALSE) | J65: =G65*H65
C66: 3 | D66: Anti Korosi | E66: M129 | F66: Kg | G66: 3.825 | H66: =VLOOKUP(D66,upahbahan,3,FALSE) | J66: =G66*H66
C67: JUMLAH HARGA BAHAN | J67: =SUM(J64:J66)
C68: C | D68: PERALATAN
C69: 1 | D69: Concrete cutter 130 feet/mnt; 22 HP | E69: E76 | F69: jam | G69: 2.6773761 | H69: =VLOOKUP(D69,upahbahan,3,FALSE) | J69: =G69*H69
C70: 2 | D70: Compressor, 5000 L/Mnt; 75 HP | E70: E05 | F70: jam | G70: 2.6773762 | H70: =VLOOKUP(D70,upahbahan,3,FALSE) | J70: =G70*H70
C71: 3 | D71: GENERATOR SET | E71: E12 | F71: jam | G71: 2.6773762 | H71: =VLOOKUP(D71,upahbahan,3,FALSE) | J71: =G71*H71
C72: 4 | D72: Alat Bantu | F72: Ls | G72: 1 | H72: =VLOOKUP(D72,upahbahan,3,FALSE) | J72: =G72*H72
C73: JUMLAH HARGA PERALATAN | J73: =SUM(J69:J72)
C74: D | D74: Jumlah (A+B+C) | J74: =J62+J67+J73
C75: E | D75: Biaya Umum dan Keuntungan 10.0% x D | H75: =$Q$8 | J75: =J74*H75
C76: F | D76: Harga Satuan Pekerjaan (D+E) | J76: =SUM(J74:J75)
C78: H.5 | D78: Perbaikan dengan Cara Grout | F78: Meter Kubik | K78: =ROUNDDOWN(J97,0) | M78: 8.2.(2)
C79: No | D79: Uraian | E79: Kode | F79: Sat. | G79: Koefisien | H79: Harga Satuan (Rp) | J79: Jumlah Harga (Rp)
C80: A | D80: TENAGA KERJA
C81: 1 | D81: Pekerja | E81: L01 | F81: jam | G81: 1.6257028 | H81: =VLOOKUP(D81,upahbahan,3,FALSE) | J81: =G81*H81
C82: 2 | D82: Mandor | E82: L03 | F82: jam | G82: 0.40642585 | H82: =VLOOKUP(D82,upahbahan,3,FALSE) | J82: =G82*H82
C83: JUMLAH HARGA TENAGA KERJA | J83: =SUM(J81:J82)
C84: B | D84: BAHAN
C85: 1 | D85: Bahan Graut | E85: M141 | F85: Kg | G85: 102 | H85: =VLOOKUP(D85,upahbahan,3,FALSE) | J85: =G85*H85
C86: 2 | D86: Anti Korosi | E86: M129 | F86: Kg | G86: 3.825 | H86: =VLOOKUP(D86,upahbahan,3,FALSE) | J86: =G86*H86
C87: 3 | D87: Multiflex Penolic 12 mm M73A | F87: Lbr | G87: 0.43671057 | H87: =VLOOKUP(D87,upahbahan,3,FALSE) | J87: =G87*H87
C88: JUMLAH HARGA BAHAN | J88: =SUM(J85:J87)
C89: C | D89: PERALATAN
C90: 1 | D90: Compressor, 5000 L/Mnt; 75 | E90: E05 | F90: jam | G90: 0.0026506203 | H90: =VLOOKUP(D90,upahbahan,3,FALSE) | J90: =G90*H90
C91: 2 | D91: Grouting Pump QZ-999, 650W | E91: E56 | F91: jam | G91: 0.4064257 | H91: =VLOOKUP(D91,upahbahan,3,FALSE) | J91: =G91*H91
C92: 3 | D92: Generator Set ; 134 KVA; 180 | E92: E12 | F92: jam | G92: 0.4064257 | H92: =VLOOKUP(D92,upahbahan,3,FALSE) | J92: =G92*H92
C93: 4 | D93: Alat Bantu | F93: Ls | G93: 1 | H93: =VLOOKUP(D93,upahbahan,3,FALSE) | J93: =G93*H93
C94: JUMLAH HARGA PERALATAN | J94: =SUM(J90:J93)
C95: D | D95: Jumlah (A+B+C) | J95: =J83+J88+J94
C96: E | D96: Biaya Umum dan Keuntungan 10.0% x D | H96: =$Q$8 | J96: =J95*H96
C97: F | D97: Harga Satuan Pekerjaan (D+E) | J97: =SUM(J95:J96)
C99: H.6 | D99: Pengecatan Protektif pada Elemen Struktur Beton, Tebal 200 µm | F99: Meter Persegi | K99: =ROUNDDOWN(J118,0) | M99: 8.3.(1a)
C100: No | D100: Uraian | E100: Kode | F100: Sat. | G100: Koefisien | H100: Harga Satuan (Rp) | J100: Jumlah Harga (Rp)
C101: A | D101: TENAGA KERJA
C102: 1 | D102: Pekerja | E102: L01 | F102: jam | G102: 0.24096371 | H102: =VLOOKUP(D102,upahbahan,3,FALSE) | J102: =G102*H102
C103: 2 | D103: Mandor | E103: L03 | F103: jam | G103: 0.060240834 | H103: =VLOOKUP(D103,upahbahan,3,FALSE) | J103: =G103*H103
C104: JUMLAH HARGA TENAGA KERJA | J104: =SUM(J102:J103)
C105: B | D105: BAHAN
C106: 1 | D106: 1 200 mikron) Cat akhir protektif beton (MC | E106: M199a | F106: liter | G106: 0.357 | H106: =VLOOKUP(D106,upahbahan,3,FALSE) | J106: =G106*H106
...

Sheet I - Harian dan Pekerjaan Lain-l
C2: I.1 | D2: Mandor | F2: Jam | K2: =ROUNDDOWN(J13,0) | M2: 9.1.(1)
C3: No | D3: Uraian | E3: Kode | F3: Sat. | G3: Koefisien | H3: Harga Satuan (Rp) | J3: Jumlah Harga (Rp)
C4: A | D4: TENAGA KERJA
C5: 1 | D5: Mandor | E5: L03 | F5: jam | G5: 1 | H5: =VLOOKUP(D5,upahbahan,3,FALSE) | J5: =G5*H5
C6: JUMLAH HARGA TENAGA KERJA | J6: =SUM(J5:J5)
C7: B | D7: BAHAN | N7: Catatan:
C8: JUMLAH HARGA BAHAN | J8: 0 | N8: Biaya Umum dan Keuntungan | O8: 0.1 | Q8: 0.1
C9: C | D9: PERALATAN
C10: JUMLAH HARGA PERALATAN | J10: 0
C11: D | D11: Jumlah (A+B+C) | J11: =J6+J8+J10
C12: E | D12: Biaya Umum dan Keuntungan 10.0% x D | H12: =$Q$8 | J12: =J11*H12
C13: F | D13: Harga Satuan Pekerjaan (D+E) | J13: =SUM(J11:J12)
C15: I.2 | D15: Pekerja Biasa | F15: Jam | K15: =ROUNDDOWN(J26,0) | M15: 9.1.(2)
C16: No | D16: Uraian | E16: Kode | F16: Sat. | G16: Koefisien | H16: Harga Satuan (Rp) | J16: Jumlah Harga (Rp)
C17: A | D17: BAHAN
C18: JUMLAH HARGA BAHAN | J18: 0
C19: B | D19: PERALATAN
C20: JUMLAH HARGA PERALATAN | J20: 0
C21: C | D21: BIAYA MANDOR PER BULAN
C22: 1 | D22: Pekerja Biasa - - - | E22: L01 | F22: jam | G22: 1 | H22: =VLOOKUP(D22,upahbahan,3,FALSE) | J22: =G22*H22
C23: JUMLAH HARGA BIAYA MANDOR PER BULAN | J23: =SUM(J22:J22)
C24: D | D24: Jumlah (A+B+C) | J24: =J18+J20+J23
C25: E | D25: Biaya Umum dan Keuntungan 10.0% x D | H25: =$Q$8 | J25: =J24*H25
C26: F | D26: Harga Satuan Pekerjaan (D+E) | J26: =SUM(J24:J25)
C28: I.3 | D28: Tukang Kayu, Tukang Batu, dan sebagainya | F28: Jam | K28: =ROUNDDOWN(J39,0) | M28: 9.1.(3)
C29: No | D29: Uraian | E29: Kode | F29: Sat. | G29: Koefisien | H29: Harga Satuan (Rp) | J29: Jumlah Harga (Rp)
C30: A | D30: BAHAN
C31: JUMLAH HARGA BAHAN | J31: 0
C32: B | D32: PERALATAN
C33: JUMLAH HARGA PERALATAN | J33: 0
C34: C | D34: BIAYA MANDOR PER BULAN
C35: 1 | D35: Tukang Kayu, Tukang Ba (L02) - | F35: jam | G35: 1 | H35: =VLOOKUP(D35,upahbahan,3,FALSE) | J35: =G35*H35
C36: JUMLAH HARGA BIAYA MANDOR PER BULAN | J36: =SUM(J35:J35)
C37: D | D37: Jumlah (A+B+C) | J37: =J31+J33+J36
C38: E | D38: Biaya Umum dan Keuntungan 10.0% x D | H38: =$Q$8 | J38: =J37*H38
C39: F | D39: Harga Satuan Pekerjaan (D+E) | J39: =SUM(J37:J38)
C41: I.4 | D41: Dump Truck, kapasitas nominal 4 ton | F41: Jam | K41: =ROUNDDOWN(J52,0) | M41: 9.1.(4a)
C42: No | D42: Uraian | E42: Kode | F42: Sat. | G42: Koefisien | H42: Harga Satuan (Rp) | J42: Jumlah Harga (Rp)
C43: A | D43: TENAGA KERJA
C44: JUMLAH HARGA TENAGA KERJA | J44: 0
C45: B | D45: BAHAN
C46: JUMLAH HARGA BAHAN | J46: 0
C47: C | D47: PERALATAN
C48: 1 | D48: Dump Truck 3 - 4 m3 | E48: E08 | F48: jam | G48: 1 | H48: =VLOOKUP(D48,upahbahan,3,FALSE) | J48: =G48*H48
C49: JUMLAH HARGA PERALATAN | J49: =SUM(J48:J48)
C50: D | D50: Jumlah (A+B+C) | J50: =J44+J46+J49
C51: E | D51: Biaya Umum dan Keuntungan 10.0% x D | H51: =$Q$8 | J51: =J50*H51
C52: F | D52: Harga Satuan Pekerjaan (D+E) | J52: =SUM(J50:J51)
C54: I.5 | D54: Dump Truck, kapasitas nominal 10 ton | F54: Jam | K54: =ROUNDDOWN(J65,0) | M54: 9.1.(4b)
C55: No | D55: Uraian | E55: Kode | F55: Sat. | G55: Koefisien | H55: Harga Satuan (Rp) | J55: Jumlah Harga (Rp)
C56: A | D56: TENAGA KERJA
C57: JUMLAH HARGA TENAGA KERJA | J57: 0
C58: B | D58: BAHAN
C59: JUMLAH HARGA BAHAN | J59: 0
C60: C | D60: PERALATAN
C61: 1 | D61: Dump Truck 6 - 8 m3 | E61: E35 | F61: jam | G61: 1 | H61: =VLOOKUP(D61,upahbahan,3,FALSE) | J61: =G61*H61
C62: JUMLAH HARGA PERALATAN | J62: =SUM(J61:J61)
C63: D | D63: Jumlah (A+B+C) | J63: =J57+J59+J62
C64: E | D64: Biaya Umum dan Keuntungan 10.0% x D | H64: =$Q$8 | J64: =J63*H64
C65: F | D65: Harga Satuan Pekerjaan (D+E) | J65: =SUM(J63:J64)
C67: I.6 | D67: Truk Bak Datar, kapasitas nominal 4 ton | F67: Jam | K67: =ROUNDDOWN(J78,0) | M67: 9.1.(5a)
C68: No | D68: Uraian | E68: Kode | F68: Sat. | G68: Koefisien | H68: Harga Satuan (Rp) | J68: Jumlah Harga (Rp)
C69: A | D69: TENAGA KERJA
C70: JUMLAH HARGA TENAGA KERJA | J70: 0
C71: B | D71: BAHAN
C72: JUMLAH HARGA BAHAN | J72: 0
C73: C | D73: PERALATAN
C74: 1 | D74: Truk Bak Datar 3 - 4 m3 | E74: E11 | F74: jam | G74: 1 | H74: =VLOOKUP(D74,upahbahan,3,FALSE) | J74: =G74*H74
C75: JUMLAH HARGA PERALATAN | J75: =SUM(J74:J74)
C76: D | D76: Jumlah (A+B+C) | J76: =J70+J72+J75
C77: E | D77: Biaya Umum dan Keuntungan 10.0% x D | H77: =$Q$8 | J77: =J76*H77
C78: F | D78: Harga Satuan Pekerjaan (D+E) | J78: =SUM(J76:J77)
C80: I.7 | D80: Truk Bak Datar, kapasitas nominal 10 ton | F80: Jam | K80: =ROUNDDOWN(J91,0) | M80: 9.1.(5b)
C81: No | D81: Uraian | E81: Kode | F81: Sat. | G81: Koefisien | H81: Harga Satuan (Rp) | J81: Jumlah Harga (Rp)
C82: A | D82: TENAGA KERJA
C83: JUMLAH HARGA TENAGA KERJA | J83: 0
C84: B | D84: BAHAN
C85: JUMLAH HARGA BAHAN | J85: 0
C86: C | D86: PERALATAN
C87: 1 | D87: Truk Bak Datar 6 - 8 m3 | F87: jam | G87: 1 | H87: =VLOOKUP(D87,upahbahan,3,FALSE) | J87: =G87*H87
C88: JUMLAH HARGA PERALATAN | J88: =SUM(J87:J87)
C89: D | D89: Jumlah (A+B+C) | J89: =J83+J85+J88
C90: E | D90: Biaya Umum dan Keuntungan 10.0% x D | H90: =$Q$8 | J90: =J89*H90
C91: F | D91: Harga Satuan Pekerjaan (D+E) | J91: =SUM(J89:J90)
C93: I.8 | D93: Truk Tangki 3000 - 4500 Liter | F93: Jam | K93: =ROUNDDOWN(J104,0) | M93: 9.1.(6)
C94: No | D94: Uraian | E94: Kode | F94: Sat. | G94: Koefisien | H94: Harga Satuan (Rp) | J94: Jumlah Harga (Rp)
C95: A | D95: TENAGA KERJA
C96: JUMLAH HARGA TENAGA KERJA | J96: 0
C97: B | D97: BAHAN
C98: JUMLAH HARGA BAHAN | J98: 0
C99: C | D99: PERALATAN
C100: 1 | D100: Water Tanker 3000-4500 | E100: E23 | F100: jam | G100: 1 | H100: =VLOOKUP(D100,upahbahan,3,FALSE) | J100: =G100*H100
C101: JUMLAH HARGA PERALATAN | J101: =SUM(J100:J100)
C102: D | D102: Jumlah (A+B+C) | J102: =J96+J98+J101
C103: E | D103: Biaya Umum dan Keuntungan 10.0% x D | H103: =$Q$8 | J103: =J102*H103
C104: F | D104: Harga Satuan Pekerjaan (D+E) | J104: =SUM(J102:J103)
C106: I.9 | D106: Bulldozer 100 - 150 PK | F106: Jam | K106: =ROUNDDOWN(J117,0) | M106: 9.1.(7)
C107: No | D107: Uraian | E107: Kode | F107: Sat. | G107: Koefisien | H107: Harga Satuan (Rp) | J107: Jumlah Harga (Rp)
C108: A | D108: TENAGA KERJA
C109: JUMLAH HARGA TENAGA KERJA | J109: 0
...

Sheet J - Pemeliharaan
C2: J.1 | D2: Galian pada Saluran Air atau Lereng untuk Pemeliharaan | F2: Meter Kubik | K2: =ROUNDDOWN(J17,0) | M2: 10.1.(1)
C3: No | D3: Uraian | E3: Kode | F3: Sat. | G3: Koefisien | H3: Harga Satuan (Rp) | J3: Jumlah Harga (Rp)
C4: A | D4: TENAGA KERJA
C5: 1 | D5: Pekerja | E5: L01 | F5: jam | G5: 0.050362942 | H5: =VLOOKUP(D5,upahbahan,3,FALSE) | J5: =G5*H5
C6: 2 | D6: Mandor | E6: L03 | F6: jam | G6: 0.0038742074 | H6: =VLOOKUP(D6,upahbahan,3,FALSE) | J6: =G6*H6
C7: JUMLAH HARGA TENAGA KERJA | J7: =SUM(J5:J6) | N7: Catatan:
C8: B | D8: BAHAN | N8: Biaya Umum dan Keuntungan | O8: 0.1 | Q8: 0.1
C9: JUMLAH HARGA BAHAN | J9: 0
C10: C | D10: PERALATAN
C11: 1 | D11: Mini Excavator | E11: E10a | F11: jam | G11: 0.038740664 | H11: =VLOOKUP(D11,upahbahan,3,FALSE) | J11: =G11*H11
C12: 2 | D12: DUMP TRUCK 4 TON; 134 HP | E12: E08 | F12: jam | G12: 0.12082927 | H12: =VLOOKUP(D12,upahbahan,3,FALSE) | J12: =G12*H12
C13: 3 | D13: Alat Bantu | F13: Ls | G13: 1 | H13: =VLOOKUP(D13,upahbahan,3,FALSE) | J13: =G13*H13
C14: JUMLAH HARGA PERALATAN | J14: =SUM(J11:J13)
C15: D | D15: Jumlah (A+B+C) | J15: =J7+J9+J14
C16: E | D16: Biaya Umum dan Keuntungan 10.0% x D | H16: =$Q$8 | J16: =J15*H16
C17: F | D17: Harga Satuan Pekerjaan (D+E) | J17: =SUM(J15:J16)
C19: J.2 | D19: Timbunan Pilihan pada Lereng Tepi Saluran untuk Pemeliharaan | F19: Meter Kubik | K19: =ROUNDDOWN(J37,0) | M19: 10.1.(2)
C20: No | D20: Uraian | E20: Kode | F20: Sat. | G20: Koefisien | H20: Harga Satuan (Rp) | J20: Jumlah Harga (Rp)
C21: A | D21: TENAGA KERJA
C22: 1 | D22: Pekerja | E22: L01 | F22: Jam | G22: 0.82980762 | H22: =VLOOKUP(D22,upahbahan,3,FALSE) | J22: =G22*H22
C23: 2 | D23: Mandor | E23: L03 | F23: Jam | G23: 0.27660238 | H23: =VLOOKUP(D23,upahbahan,3,FALSE) | J23: =G23*H23
C24: JUMLAH HARGA TENAGA KERJA | J24: =SUM(J22:J23)
C25: B | D25: BAHAN
C26: 1 | D26: Bahan pilihan | E26: M09 | F26: M3 | G26: 1.26 | H26: =VLOOKUP(D26,upahbahan,3,FALSE) | J26: =G26*H26
C27: JUMLAH HARGA BAHAN | J27: =SUM(J26:J26)
C28: C | D28: PERALATAN
C29: 1 | D29: Excavator | E29: E10 | F29: Jam | G29: 0.0090685256 | H29: =VLOOKUP(D29,upahbahan,3,FALSE) | J29: =G29*H29
C30: 2 | D30: DUMP TRUCK 4 TON; 134 HP | E30: E08 | F30: Jam | G30: 0.27660248 | H30: =VLOOKUP(D30,upahbahan,3,FALSE) | J30: =G30*H30
C31: 3 | D31: Baby Vibratory Roller | E31: E19a | F31: Jam | G31: 0.074946432 | H31: =VLOOKUP(D31,upahbahan,3,FALSE) | J31: =G31*H31
C32: 4 | D32: Water Tank Truck | E32: E23 | F32: Jam | G32: 0.0070281224 | H32: =VLOOKUP(D32,upahbahan,3,FALSE) | J32: =G32*H32
C33: 5 | D33: Alat Bantu | F33: Ls | G33: 1 | H33: =VLOOKUP(D33,upahbahan,3,FALSE) | J33: =G33*H33
C34: JUMLAH HARGA PERALATAN | J34: =SUM(J29:J33)
C35: D | D35: Jumlah (A+B+C) | J35: =J24+J27+J34
C36: E | D36: Biaya Umum dan Keuntungan 10.0% x D | H36: =$Q$8 | J36: =J35*H36
C37: F | D37: Harga Satuan Pekerjaan (D+E) | J37: =SUM(J35:J36)
C39: J.3 | D39: Perbaikan Pasangan Batu dengan Mortar | F39: Meter Kubik | K39: =ROUNDDOWN(J60,0) | M39: 10.1.(3)
C40: No | D40: Uraian | E40: Kode | F40: Sat. | G40: Koefisien | H40: Harga Satuan (Rp) | J40: Jumlah Harga (Rp)
C41: A | D41: TENAGA KERJA
C42: 1 | D42: Pekerja | E42: L01 | F42: jam | G42: 1.9277108 | H42: =VLOOKUP(D42,upahbahan,3,FALSE) | J42: =G42*H42
C43: 2 | D43: Tukang Batu | E43: L02 | F43: jam | G43: 0.96385541 | H43: =VLOOKUP(D43,upahbahan,3,FALSE) | J43: =G43*H43
C44: 3 | D44: Mandor | E44: L03 | F44: jam | G44: 0.096385694 | H44: =VLOOKUP(D44,upahbahan,3,FALSE) | J44: =G44*H44
C45: JUMLAH HARGA TENAGA KERJA | J45: =SUM(J42:J44)
C46: B | D46: BAHAN
C47: 1 | D47: Batu | E47: M02 | F47: M3 | G47: 1.4963 | H47: =VLOOKUP(D47,upahbahan,3,FALSE) | J47: =G47*H47
C48: 2 | D48: Semen | E48: M12 | F48: Kg | G48: 158.14 | H48: =VLOOKUP(D48,upahbahan,3,FALSE) | J48: =G48*H48
C49: 3 | D49: Pasir | E49: M01b | F49: M3 | G49: 0.62583309 | H49: =VLOOKUP(D49,upahbahan,3,FALSE) | J49: =G49*H49
C50: JUMLAH HARGA BAHAN | J50: =SUM(J47:J49)
C51: C | D51: PERALATAN
C52: 1 | D52: Jack Hammer | E52: E26 | F52: Jam | G52: 0.5020081 | H52: =VLOOKUP(D52,upahbahan,3,FALSE) | J52: =G52*H52
C53: 2 | D53: Air Compresor | E53: E05 | F53: Jam | G53: 0.50200806 | H53: =VLOOKUP(D53,upahbahan,3,FALSE) | J53: =G53*H53
C54: 3 | D54: Concrete Mixer | E54: E06 | F54: jam | G54: 0.048192781 | H54: =VLOOKUP(D54,upahbahan,3,FALSE) | J54: =G54*H54
C55: 4 | D55: Water Tank Truck | E55: E23 | F55: jam | G55: 0.027869749 | H55: =VLOOKUP(D55,upahbahan,3,FALSE) | J55: =G55*H55
C56: 5 | D56: Alat Bantu | F56: Ls | G56: 1 | H56: =VLOOKUP(D56,upahbahan,3,FALSE) | J56: =G56*H56
C57: JUMLAH HARGA PERALATAN | J57: =SUM(J52:J56)
C58: D | D58: Jumlah (A+B+C) | J58: =J45+J50+J57
C59: E | D59: Biaya Umum dan Keuntungan 10.0% x D | H59: =$Q$8 | J59: =J58*H59
C60: F | D60: Harga Satuan Pekerjaan (D+E) | I60: cek: sumber Rp 1.025.656 | J60: =SUM(J58:J59)
C62: J.4 | D62: Perbaikan Lapis Fondasi Agregat Kelas A | F62: Meter Kubik | K62: =ROUNDDOWN(J82,0) | M62: 10.1.(4)
C63: No | D63: Uraian | E63: Kode | F63: Sat. | G63: Koefisien | H63: Harga Satuan (Rp) | J63: Jumlah Harga (Rp)
C64: A | D64: TENAGA KERJA
C65: 1 | D65: Pekerja | E65: L01 | F65: jam | G65: 0.66934409 | H65: =VLOOKUP(D65,upahbahan,3,FALSE) | J65: =G65*H65
C66: 2 | D66: Mandor | E66: L03 | F66: jam | G66: 0.11155742 | H66: =VLOOKUP(D66,upahbahan,3,FALSE) | J66: =G66*H66
C67: JUMLAH HARGA TENAGA KERJA | J67: =SUM(J65:J66)
C68: B | D68: BAHAN
C69: 1 | D69: Agregat A | E69: M26 | F69: M3 | G69: 1.2551126 | H69: =VLOOKUP(D69,upahbahan,3,FALSE) | J69: =G69*H69
C70: 2 | D70: Lapis Resap Pengikat EI-611 | F70: liter | G70: 5.3266656 | H70: =VLOOKUP(D70,upahbahan,3,FALSE) | J70: =G70*H70
C71: JUMLAH HARGA BAHAN | J71: =SUM(J69:J70)
C72: C | D72: PERALATAN
C73: 1 | D73: Jack Hammer | E73: E26 | F73: jam | G73: 0.33467207 | H73: =VLOOKUP(D73,upahbahan,3,FALSE) | J73: =G73*H73
C74: 2 | D74: Air Compressor | E74: E05 | F74: jam | G74: 0.33467203 | H74: =VLOOKUP(D74,upahbahan,3,FALSE) | J74: =G74*H74
C75: 3 | D75: Wheel Loader | E75: E15 | F75: jam | G75: 0.0070596901 | H75: =VLOOKUP(D75,upahbahan,3,FALSE) | J75: =G75*H75
C76: 4 | D76: Dump Truck 4 Ton | E76: E08 | F76: jam | G76: 0.39700763 | H76: =VLOOKUP(D76,upahbahan,3,FALSE) | J76: =G76*H76
C77: 5 | D77: Baby Vibratory Roller | E77: E19a | F77: jam | G77: 0.11155735 | H77: =VLOOKUP(D77,upahbahan,3,FALSE) | J77: =G77*H77
C78: 6 | D78: Alat Bantu | F78: Ls | G78: 1 | H78: =VLOOKUP(D78,upahbahan,3,FALSE) | J78: =G78*H78
C79: JUMLAH HARGA PERALATAN | J79: =SUM(J73:J78)
C80: D | D80: Jumlah (A+B+C) | J80: =J67+J71+J79
C81: E | D81: Biaya Umum dan Keuntungan 10.0% x D | H81: =$Q$8 | J81: =J80*H81
C82: F | D82: Harga Satuan Pekerjaan (D+E) | J82: =SUM(J80:J81)
C84: J.5 | D84: Perbaikan Lapis Fondasi Agregat Kelas B | F84: Meter Kubik | K84: =ROUNDDOWN(J103,0) | M84: 10.1.(5)
C85: No | D85: Uraian | E85: Kode | F85: Sat. | G85: Koefisien | H85: Harga Satuan (Rp) | J85: Jumlah Harga (Rp)
C86: A | D86: TENAGA KERJA
C87: 1 | D87: Pekerja | E87: L01 | F87: jam | G87: 1.0876841 | H87: =VLOOKUP(D87,upahbahan,3,FALSE) | J87: =G87*H87
C88: 2 | D88: Mandor | E88: L03 | F88: jam | G88: 0.18128055 | H88: =VLOOKUP(D88,upahbahan,3,FALSE) | J88: =G88*H88
C89: JUMLAH HARGA TENAGA KERJA | J89: =SUM(J87:J88)
C90: B | D90: BAHAN
C91: 1 | D91: Agregat B | E91: M27 | F91: M3 | G91: 1.2479481 | H91: =VLOOKUP(D91,upahbahan,3,FALSE) | J91: =G91*H91
C92: JUMLAH HARGA BAHAN | J92: =SUM(J91:J91)
C93: C | D93: PERALATAN
C94: 1 | D94: Jack Hammer | E94: E26 | F94: jam | G94: 0.33467207 | H94: =VLOOKUP(D94,upahbahan,3,FALSE) | J94: =G94*H94
C95: 2 | D95: Air Compressor | E95: E05 | F95: jam | G95: 0.33467203 | H95: =VLOOKUP(D95,upahbahan,3,FALSE) | J95: =G95*H95
C96: 3 | D96: Wheel Loader | E96: E15 | F96: jam | G96: 0.006985135 | H96: =VLOOKUP(D96,upahbahan,3,FALSE) | J96: =G96*H96
C97: 4 | D97: DUMP TRUCK 4 TON; 134 HP | E97: E08 | F97: jam | G97: 0.40183037 | H97: =VLOOKUP(D97,upahbahan,3,FALSE) | J97: =G97*H97
C98: 5 | D98: Baby Vibratory Roller | E98: E19a | F98: jam | G98: 0.18128064 | H98: =VLOOKUP(D98,upahbahan,3,FALSE) | J98: =G98*H98
C99: 6 | D99: Alat Bantu | F99: Ls | G99: 1 | H99: =VLOOKUP(D99,upahbahan,3,FALSE) | J99: =G99*H99
C100: JUMLAH HARGA PERALATAN | J100: =SUM(J94:J99)
C101: D | D101: Jumlah (A+B+C) | J101: =J89+J92+J100
C102: E | D102: Biaya Umum dan Keuntungan 10.0% x D | H102: =$Q$8 | J102: =J101*H102
C103: F | D103: Harga Satuan Pekerjaan (D+E) | J103: =SUM(J101:J102)
C105: J.6 | D105: Perbaikan Lapis Fondasi Agregat Kelas S | F105: Meter Kubik | K105: =ROUNDDOWN(J124,0) | M105: 10.1.(6a)
C106: No | D106: Uraian | E106: Kode | F106: Sat. | G106: Koefisien | H106: Harga Satuan (Rp) | J106: Jumlah Harga (Rp)
...

Sheet Info Sumber
B2: INFORMASI SUMBER & VERIFIKASI
B4: Dokumen sumber | C4: 5.-Lampiran-V-Bidang-Bina-Marga-ok.pdf (3.125 halaman)
B5: Dasar hukum | C5: SE Direktur Jenderal Bina Konstruksi No. 47/SE/Dk/2026
B6: Lampiran | C6: Lampiran V - Contoh AHSP Bidang Bina Marga (informatif)
B7: Jumlah mata pembayaran | C7: 1137 (Lampiran A-J)
B8: Blok analisa berharga | C8: 1116
B9: Mata pembayaran tanpa analisa | C9: 21 (halaman kosong / lump-sum)
B10: Baris harga satuan dasar | C10: 1339
B11: Named range | C11: upahbahan = 'Upah Bahan'!$F$10:$H$1348
B12: Catatan selisih sumber | C12: 10 blok ditandai 'cek: sumber Rp ...' pada kolom I
B14: Arsitektur rumus (sama dengan 'ahsp bina kontruksi 2026.xlsx')
B15: Harga satuan komponen | C15: =VLOOKUP(D<baris>,upahbahan,3,FALSE)
B16: Jumlah harga komponen | C16: =G<baris>*H<baris>
B17: Subtotal per kelompok | C17: =SUM(J<awal>:J<akhir>)
B18: D Jumlah (A+B+C) | C18: =J<subA>+J<subB>+J<subC>
B19: E Biaya Umum & Keuntungan | C19: H=$Q$8 (10%), J==J<D>*H<E>
B20: F Harga Satuan Pekerjaan | C20: =SUM(J<D>:J<E>)
B21: K harga dibulatkan (dipakai DHSP) | C21: =ROUNDDOWN(J<F>,0)
B23: Metode ekstraksi
B24: Format angka | C24: dua format dalam satu PDF: 27.643,54 (Indonesia) dan 27,643.54 (Inggris) - dideteksi per halaman
B25: Format tabel | C25: tabel A/B/C/D/E/F standar + varian C/D/E/F/G/H (metode pelaksanaan)
B26: Verifikasi | C26: subtotal tiap kelompok direkonsiliasi dengan total cetak; 1.116/1.127 halaman rekapitulasi konsisten 100%
